1796,Butchoy,IV-A,Rizal,2016,TY,4,220,925,0,2971499,2513,273489,7,56,100,95,231,2150,76666,410759,15038,4252,1,0,0
882,Mina,NCR,Metro Manila,2011,TY,9,195,975.3,0,12053536,19456,371173,4,47,97,95,184,465,350258,2064904,48829,28680,7,0,0
1218,Crising,XII,Sarangani,2013,TD,3,45,1004,1,525643,144,158472,55,68,98,83,49,1019,27391,22550,50419,1325,1,0,0
467,Julian,CAR,Apayao,2008,TS,3,75,999,1,106551,24,209648,25,67,108,89,55,599,8683,10213,2455,214,2,0,2525000
67,Caloy,IV-B,Romblon,2006,TY,7,160,981,2,277518,181,108946,46,88,104,83,64,686,7619,23653,22007,3451,8,10417,229334000
602,Kiko,CAR,Benguet,2009,TY,7,175,967.6,1,706196,250,219000,25,51,99,90,51,612,11748,168316,1376,688,25,62,39525000
663,Ondoy,CAR,Benguet,2009,TS,4,110,989.5,0,706196,250,219000,25,51,99,90,51,612,11748,168316,1376,688,5,0,16130000
200,Reming,V,Catanduanes,2006,TY,6,195,964,4,230188,154,125184,41,87,106,80,123,1115,10422,22190,10628,1600,387,40166,1462144789
611,Maring,III,Zambales,2009,TD,3,55,999.7,1,743678,195,221000,17,61,103,92,198,1773,16768,132633,14198,2310,4,1,40980430
765,Bebeng,V,Catanduanes,2011,TS,6,85,997,2,249165,167,158596,32,76,103,84,109,1145,10087,23836,10791,1696,2,0,16187889
1360,Yolanda (Haiyan),VI,Antique,2013,TY,3,235,910,4,567343,208,179929,37,65,99,85,59,1776,28980,43473,34120,3110,175,46964,1580873095
720,Basyang,III,Aurora,2010,TY,4,120,995.9,3,201233,64,233003,22,68,106,92,198,1901,11543,24335,7425,590,8,0,19300000
42,Quedan,VI,Aklan,2005,TD,3,55,1002.8,1,482189,274,123270,41,72,103,82,89,1594,4898,34919,45086,12109,1,338,100288000
1234,Labuyo,I,Pangasinan,2013,TY,3,175,914,2,2884669,529,194908,21,62,102,93,81,1217,108372,396967,49305,9649,3,26,0
792,Dodong,IV-B,Romblon,2011,TS,2,65,1004.3,0,285679,186,165314,41,74,102,86,66,706,8497,25688,21211,3338,1,0,0
197,Reming,V,Albay,2006,TY,6,195,964,4,1172927,456,125184,36,77,104,80,123,1115,26955,126543,56990,18368,2808,160812,1590441528
377,Cosme,CAR,Benguet,2008,TS,7,105,993.7,3,690145,244,209648,25,52,98,89,55,599,13748,183430,1470,1147,8,74,3180000
1132,Ofel,XII,Sarangani,2012,TD,4,85,991,2,516575,142,163000,53,69,101,82,105,1017,27011,22043,50336,1326,1,0,0
542,Feria,IV-A,Quezon,2009,TS,4,75,993.6,1,1951695,221,249000,30,68,104,94,236,2022,110331,267050,84976,16383,7,2160,18000000
1,Auring,VIII,Leyte,2005,TS,4,105,1004.9,3,1685476,258,117645,39,76,105,75,75,805,88552,135829,110200,12955,48,1283,8392000
94,Florita,III,Pampanga,2006,TY,5,120,982.8,0,2176175,1054,197640,3,61,103,90,201,1866,35472,368864,12695,10905,3,0,0
512,Dante,V,Camarines Norte,2009,TY,5,140,991.8,1,533026,234,152000,42,74,105,81,114,1103,11233,53956,37816,9273,2,88,80491511
1068,Gener,CAR,Benguet,2012,TY,5,130,972,3,749456,265,257000,23,50,98,91,55,704,13410,176971,1494,1204,5,57,111840783.5
1111,Ofel,V,Masbate,2012,TD,4,85,991,2,857285,207,162000,51,86,101,86,110,1134,27372,42915,82332,7269,1,438,12660077.5
1106,Ofel,IV-B,Oriental Mindoro,2012,TD,4,85,991,2,808483,191,179000,29,67,101,86,67,795,24578,86762,42817,5885,7,1770,65254270
1144,Pablo,VII,Siquijor,2012,TY,8,185,943,3,93002,276,209000,33,60,100,87,105,1764,7275,9736,2799,299,10,3676,9505220
916,Pedring,NCR,Metro Manila,2011,TY,5,140,976.2,0,12053536,19456,371173,4,47,97,95,184,465,350258,2064904,48829,28680,2,0,0
1513,Mario,NCR,Metro Manila,2014,TY,5,105,982,2,12666191,20445,370275,4,46,101,95,162,470,344593,2139922,41695,20797,1,0,0
122,Henry,II,Isabela,2006,TS,6,95,995.7,1,1384623,106,142770,30,63,105,85,91,939,59679,198816,31811,2416,5,0,17335418.5
18,Labuyo,I,Ilocos Sur,2005,TY,5,95,998.9,2,621761,240,135955,22,63,101,90,124,915,21456,97129,5793,1065,1,0,3619000
923,Pedring,II,Cagayan,2011,TY,5,140,976.2,3,1139302,121,190217,22,58,102,93,92,1158,50869,141840,29329,4062,5,0,173407148.8
528,Emong,CAR,Ifugao,2009,TY,4,150,995.1,3,187594,72,219000,25,65,107,90,51,612,16322,17559,4125,133,36,289,26212750
846,Juaning,IV-B,Marinduque,2011,STS,4,95,994.4,0,229151,241,165314,33,72,102,86,66,706,11800,29280,7928,728,3,0,0
1001,Sendong,IX,Zamboanga del Norte,2011,TS,4,75,995.8,2,968446,133,155763,59,68,103,84,66,699,51300,41118,91380,3881,11,22,9478600
1491,Luis,II,Nueva Vizcaya,2014,TY,4,130,972,3,445924,93,189678,18,58,97,95,58,1128,26556,56262,7874,442,2,16,0
1463,Glenda,V,Masbate,2014,TY,5,150,964.2,3,880533,213,158206,53,84,98,86,54,1164,28482,44815,81677,7411,3,1562,331217333.3
1862,Lawin,CAR,Benguet,2016,STY,4,225,970.1,3,806155,285,245538,23,52,97,91,52,662,12521,170967,1443,984,8,2033,866022166.7
1394,Agaton,X,Misamis Occidental,2014,TD,4,55,1000,1,595066,297,180380,44,60,98,92,65,1085,43568,41324,30118,2435,3,5,0
1470,Glenda,VIII,Samar,2014,TY,5,150,964.2,3,770824,127,163735,47,72,96,74,42,865,29857,40328,63973,5309,33,21878,439168666.7
82,Caloy,VIII,Northern Samar,2006,TY,7,160,981,3,542457,147,125731,53,91,106,74,79,813,11649,24424,57655,8987,11,1897,31967199
673,Pepeng,I,Ilocos Sur,2009,TY,10,195,978.5,3,649992,250,186000,18,59,101,92,121,642,20520,110882,5185,743,2,2521,1539735084
854,Juaning,V,Sorsogon,2011,STS,4,95,994.4,1,750902,354,158596,40,74,102,84,109,1145,10585,60491,51920,21070,2,0,60059225.73
456,Igme,I,Ilocos Sur,2008,TY,6,140,984.9,1,641510,247,170138,19,61,102,91,121,992,20628,107927,4856,804,2,0,0
697,Pepeng,CAR,Mt. Province,2009,TY,10,195,978.5,3,152323,64,219000,25,69,106,90,51,612,7380,23491,1102,63,43,197,398969270
771,Bebeng,VIII,Samar,2011,TS,6,85,997,1,742565,123,163975,47,77,104,74,78,819,28383,38167,64684,5520,1,147,0
999,Sendong,VII,Negros Oriental,2011,TS,4,75,995.8,1,1300050,240,200310,44,63,102,87,105,1742,72012,83272,95938,10438,83,8082,0
1038,Gener,IV-A,Batangas,2012,TY,5,130,972,3,2499433,802,284000,19,56,100,95,242,2166,57792,391011,16845,4570,1,633,4365384
1618,Ruby,VIII,Samar,2014,TY,8,215,927,3,770824,127,163735,47,72,96,74,42,865,29857,40328,63973,5309,320,88397,410450000
501,Quinta,VI,Iloilo,2008,TS,3,85,1003.5,1,2149727,424,148641,25,60,104,83,86,1685,168798,199893,64107,4065,28,0,0
413,Frank,VIII,Leyte,2008,TY,6,160,988,3,1745613,267,147648,37,73,106,73,70,883,95835,158655,104789,11446,22,30934,176140470.8
1734,Lando,III,Nueva Ecija,2015,TY,8,185,943,0,2151461,378,247164,27,55,98,92,168,1910,58804,313748,36349,6827,33,12485,3718849000
690,Pepeng,V,Camarines Sur,2009,TY,10,195,978.5,2,1778472,323,152000,48,76,104,81,114,1103,54677,173772,105342,16905,4,1503,548998682
1232,Isang,I,Ilocos Sur,2013,TS,2,75,997,1,677063,261,194908,18,56,99,93,81,1217,20634,108537,5062,796,4,0,0
939,Pedring,IV-A,Rizal,2011,TY,5,140,976.2,3,2560028,2165,271818,7,54,100,94,240,2153,78120,389440,13841,4692,3,14,28644603
241,Dodong,CAR,Abra,2007,TS,2,75,994,1,230953,55,200696,26,69,105,88,56,580,13514,30175,1614,194,2,0,0
515,Dante,V,Sorsogon,2009,TY,5,140,991.8,2,730238,345,152000,39,79,104,81,114,1103,10954,65156,51535,21558,24,1936,412811143
587,Jolina,VII,Negros Oriental,2009,TS,4,75,991.5,1,1268147,234,184000,33,66,104,87,106,1640,75866,91494,95726,9810,6,2,5000000
1331,Santi,III,Zambales,2013,TY,5,150,976,3,795871,209,239665,17,59,98,92,173,1897,16670,129802,13984,2207,6,335,37497819.2
929,Pedring,III,Bataan,2011,TY,5,140,976.2,3,701530,511,245658,2,55,101,92,199,1948,11671,113492,9219,3253,2,2774,369913300
419,Frank,X,Lanao del Norte,2008,TY,6,160,988,0,873579,210,156863,44,76,102,86,109,1028,67638,65757,34349,2665,2,0,42388042.25
983,Ramon,IV-B,Romblon,2011,TS,5,55,1001.4,0,285679,186,165314,41,74,102,86,66,706,8497,25688,21211,3338,4,0,0
1439,Glenda,I,Pangasinan,2014,TY,5,150,964.2,3,2920475,536,197135,21,61,100,93,83,3267,108451,400680,49282,9296,2,0,1143000
845,Juaning,IV-A,Quezon,2011,STS,4,95,994.4,0,2013477,228,271818,28,65,102,94,240,2153,131288,268957,87894,44360,2,0,0
932,Pedring,III,Pampanga,2011,TY,5,140,976.2,3,2391911,1159,245658,7,56,101,92,199,1948,33878,392321,13189,8499,9,1181,2047543091
1435,Glenda,NCR,Metro Manila,2014,TY,5,150,964.2,3,12666191,20445,370275,4,46,101,95,162,470,344593,2139922,41695,20797,16,0,0
931,Pedring,III,Nueva Ecija,2011,TY,5,140,976.2,3,1993106,350,245658,27,57,102,92,199,1948,59465,300228,36811,8050,11,2847,4221688916
328,Lando,VII,Negros Oriental,2007,TY,10,130,998.3,2,1231904,227,156468,39,70,104,86,107,1479,71702,80420,93789,10488,1,0,200000
735,Juan,I,Ilocos Sur,2010,TY,6,225,988.7,3,658587,254,191816,18,57,101,92,123,807,20412,113918,5537,686,2,237,185149936.1
293,Hannah,VI,Iloilo,2007,TS,4,65,997.8,1,2110588,416,138958,23,60,104,82,85,1623,167867,189424,63084,3990,2,598,20477000
1403,Agaton,XIII,Dinagat Islands,2014,TD,4,55,1000,1,127082,155,167968,47,66,98,91,17,750,8130,7752,8024,576,8,22,20144000
254,Dodong,IV-A,Rizal,2007,TS,2,75,994,0,2298691,1944,222092,5,60,100,93,233,2156,80949,376906,11779,5118,6,0,1644000
925,Pedring,II,Nueva Vizcaya,2011,TY,5,140,976.2,3,427367,89,190217,18,58,102,93,92,1158,26631,53903,7844,459,5,1111,81995250.73
1747,Lando,CAR,Abra,2015,TY,8,185,943,3,241160,57,245161,23,62,96,91,23,677,13531,31049,1759,163,2,14,117762000
1000,Sendong,VII,Cebu,2011,TS,4,75,995.8,1,4256434,797,200310,24,64,102,87,105,1742,297071,446517,76223,10364,1,0,0
391,Frank,IV-A,Quezon,2008,TY,6,160,988,3,1916989,217,235161,31,71,105,94,232,2199,135212,282292,87723,38028,20,37570,132203948.3
1694,Ineng,II,Cagayan,2015,TY,6,180,964,3,1199320,128,190709,22,56,97,96,59,1132,51508,149516,28357,3991,4,4565,144145000
171,Paeng,II,Nueva Vizcaya,2006,TY,5,195,981.7,3,393272,82,142770,15,63,105,85,91,939,26825,50123,7695,484,11,291,176327187.3
1725,Lando,I,Pangasinan,2015,TY,8,185,943,3,2956726,542,198464,21,61,98,93,86,2242,108480,402146,49306,9171,22,64387,1188434000
112,Glenda,I,La Union,2006,TY,5,130,987.7,1,711611,475,142358,26,62,102,90,123,978,33977,107636,3501,811,1,0,400000
1119,Ofel,IX,Zamboanga Sibugay,2012,TD,4,85,991,2,603601,173,162000,45,69,101,86,65,711,29658,19777,59459,1804,1,0,21542000
869,Kabayan,I,Pangasinan,2011,TY,9,175,970,0,2814367,516,197814,21,63,106,92,119,1018,108093,385045,50241,10244,1,0,0
786,Chedeng,CAR,Benguet,2011,TY,6,195,958.2,0,735916,260,243652,24,50,99,90,57,651,13565,175025,1547,1271,2,0,0
898,Mina,CAR,Abra,2011,TY,9,195,975.3,1,236005,56,243652,24,62,102,90,57,651,13538,30152,1771,184,7,118,76010000
893,Mina,III,Bulacan,2011,TY,9,195,975.3,1,2994520,1076,245658,7,54,100,92,199,1948,53814,515412,13414,7696,2,0,0
506,Crising,IV-A,Quezon,2009,TD,3,55,1007.4,0,1951695,221,249000,30,68,104,94,236,2022,110331,267050,84976,16383,1,0,0
80,Caloy,VI,Iloilo,2006,TY,7,160,981,1,2083107,410,129905,22,61,104,82,86,1604,164316,180774,64552,4532,8,555,123401000
762,Bebeng,V,Camarines Sur,2011,TS,6,85,997,2,1847692,335,158596,43,73,102,84,109,1145,54600,162426,104064,16214,18,1092,864994064
20,Labuyo,II,Cagayan,2005,TY,5,95,998.9,2,1049382,112,136946,30,66,104,85,72,986,48690,122189,33362,4458,3,36,106663000
590,Kiko,I,Pangasinan,2009,TY,7,175,967.6,0,2734297,502,186000,22,65,106,92,121,642,108664,409864,48837,8567,1,0,0
1628,Seniang,VI,Antique,2014,TS,4,65,997,2,574631,210,185161,36,65,97,84,61,1942,29329,43956,33861,3145,8,6,0
876,Kabayan,IV-A,Cavite,2011,TY,9,175,970,0,3200176,2097,271818,3,52,98,94,240,2153,68301,530999,15902,5052,1,0,0
149,Milenyo,V,Albay,2006,TY,5,130,963.9,3,1172927,456,125184,36,77,104,80,123,1115,26955,126543,56990,18368,62,113342,1781911483
1355,Yolanda (Haiyan),V,Camarines Sur,2013,TY,3,235,910,4,1899395,345,156965,44,72,99,87,110,1183,54974,168140,104306,16363,10,1311,229331919.6
963,Quiel,I,Pangasinan,2011,TY,5,160,974.4,1,2814367,516,197814,21,63,106,92,119,1018,108093,385045,50241,10244,12,2678,95490000
1553,Mario,CAR,Benguet,2014,TY,5,105,982,2,777288,275,242328,24,51,95,91,54,647,12602,172423,1439,971,2,25,41841000
723,Basyang,III,Pampanga,2010,TY,4,120,995.9,2,2340355,1134,233003,7,57,102,92,198,1901,31297,430976,14601,4323,8,0,2400000
1845,Lawin,II,Isabela,2016,STY,4,225,970.1,5,1615204,123,190832,26,58,102,96,81,1130,59403,224179,29838,2497,2,63251,3183518000
643,Ondoy,IV-A,Cavite,2009,TS,4,110,989.5,1,3010661,1973,249000,3,54,97,94,236,2022,67688,574033,15593,3702,11,2304,105900930
1767,Nona,IV-A,Cavite,2015,TY,7,150,963,0,3678301,2410,273155,3,49,101,95,208,2290,67869,560556,15697,4204,1,8,59000
393,Frank,IV-B,Marinduque,2008,TY,6,160,988,3,229032,240,129385,36,80,102,84,63,689,11994,29838,7743,686,2,15152,181789459.3
955,Pedring,CAR,Abra,2011,TY,5,140,976.2,1,236005,56,243652,24,62,102,90,57,651,13538,30152,1771,184,2,37,39440640
910,Pedring,NCR,Metro Manila,2011,TY,5,140,976.2,0,12053536,19456,371173,4,47,97,95,184,465,350258,2064904,48829,28680,2,0,0
546,Feria,IV-B,Romblon,2009,TS,4,75,993.6,0,282538,184,141000,42,79,103,84,65,725,9351,27675,20406,3220,1,639,0
1329,Santi,III,Pampanga,2013,TY,5,150,976,3,2498454,1210,239665,7,54,99,92,173,1897,33061,403932,13206,7647,4,3352,0
754,Juan,CAR,Ifugao,2010,TY,6,225,988.7,4,191078,73,230997,24,64,106,90,57,639,16245,18769,4182,117,2,391,544343446.3
1182,Quinta,VI,Aklan,2012,TS,2,75,994,2,551035,313,202000,25,60,100,84,89,1790,6226,42697,45841,11768,13,1605,129455486.4
472,Karen,II,Cagayan,2008,TY,5,140,988.7,3,1089697,116,167237,28,61,104,86,87,1001,51484,145877,28078,3922,20,12165,1057342379
1445,Glenda,III,Pampanga,2014,TY,5,150,964.2,3,2553493,1237,244331,7,53,98,92,167,1923,32859,406961,13421,7089,12,57,1594245000
1597,Ruby,IV-B,Romblon,2014,TY,8,215,927,3,290989,190,164121,41,72,99,86,21,882,9032,26950,20707,3255,7,265,96621000
1281,Maring,NCR,Metro Manila,2013,TS,4,105,982,1,12458589,20109,367420,4,46,100,95,182,469,347541,2123106,43865,23728,1,0,0
507,Crising,V,Camarines Norte,2009,TD,3,55,1007.4,0,533026,234,152000,42,74,105,81,114,1103,11233,53956,37816,9273,1,0,0
985,Ramon,VI,Iloilo,2011,TS,5,55,1001.4,0,2260220,445,186509,26,61,102,84,87,1766,167039,196025,64858,4349,5,0,0
52,Quedan,XIII,Surigao del Sur,2005,TD,3,55,1002.8,0,532923,108,107901,44,76,105,83,54,514,23362,18967,55944,3583,1,8,40532000
481,Karen,CAR,Mt. Province,2008,TY,5,140,988.7,2,150481,63,209648,25,73,106,89,55,599,7439,22537,1083,85,5,3,7559323
1216,Crising,XI,Davao Oriental,2013,TD,3,45,1004,1,542040,95,179758,50,66,99,86,105,1026,29047,23899,47824,2564,4,0,0
478,Karen,CAR,Abra,2008,TY,5,140,988.7,2,232206,55,209648,25,67,105,89,55,599,13521,30820,1680,171,4,370,27132295
189,Reming,IV-A,Batangas,2006,TY,6,195,964,3,2193729,704,209749,14,63,101,92,259,2112,60022,358539,16403,5344,2,1860,32218901
1220,Crising,XIII,Agusan del Sur,2013,TD,3,45,1004,1,682612,68,164175,54,71,98,92,18,733,41325,22848,57998,1700,1,0,0
603,Kiko,CAR,Mt. Province,2009,TY,7,175,967.6,0,152323,64,219000,25,69,106,90,51,612,7380,23491,1102,63,5,1,0
583,Jolina,VI,Antique,2009,TS,4,75,991.5,1,535577,196,159000,44,73,105,83,86,1732,30111,45141,33311,3171,4,47,21786525
1546,Mario,IV-B,Occidental Mindoro,2014,TY,5,105,982,2,480322,82,164121,37,70,96,86,21,882,12878,45085,32504,3567,1,4,67289000
769,Bebeng,VIII,Leyte,2011,TS,6,85,997,1,1823348,279,163975,38,69,103,74,78,819,94685,154985,105861,11711,1,5,23500000
679,Pepeng,III,Bulacan,2009,TY,10,195,978.5,1,2889956,1038,221000,7,57,100,92,198,1773,52213,549175,14297,5628,1,0,331807120
222,Bebeng,IV-A,Quezon,2007,TY,3,175,961,1,1882900,213,222092,32,73,105,93,233,2156,165703,298404,90559,88269,14,0,0
1864,Lawin,CAR,Kalinga,2016,STY,4,225,970.1,5,214965,65,245538,23,68,102,91,52,662,13249,19236,3671,258,8,12556,908794166.7
1017,Ferdie,I,Pangasinan,2012,TD,2,150,950,1,2849301,523,204000,20,62,104,93,119,1021,108250,391651,49635,9964,2,0,0
662,Ondoy,CAR,Apayao,2009,TS,4,110,989.5,0,109551,24,219000,25,65,107,90,51,612,8808,10608,2622,198,1,0,0
172,Paeng,II,Quirino,2006,TY,5,195,981.7,3,161372,70,142770,15,65,107,85,91,939,12897,17586,3724,405,16,5500,396524171.3
1888,Nina,V,Camarines Sur,2016,TY,5,185,986.6,0,1979674,359,159028,43,75,102,86,103,1169,54626,169617,104904,16685,3,32182,3007379500
208,Seniang,IV-B,Occidental Mindoro,2006,TY,6,130,992.8,3,415726,71,108946,43,76,109,83,64,686,12408,40170,32056,3595,5,3354,0
1488,Luis,II,Cagayan,2014,TY,4,130,972,3,1184025,126,189678,23,56,98,95,58,1128,51504,148996,28317,3981,1,1593,607000
1390,Agaton,IX,Zamboanga del Norte,2014,TD,4,55,1000,1,1000481,137,155103,59,68,97,86,41,612,53141,43584,92403,3922,4,0,0
1339,Vinta,II,Cagayan,2013,TY,3,130,972,2,1168926,124,187942,24,57,99,97,71,1135,51453,147576,28313,3968,2,0,185329584
861,Juaning,CAR,Ifugao,2011,STS,4,95,994.4,1,193367,74,243652,24,63,103,90,57,651,16082,16019,4298,166,5,0,14466710.32
979,Quiel,CAR,Mt. Province,2011,TY,5,160,974.4,0,154268,65,243652,24,65,103,90,57,651,7330,22227,1141,124,1,0,0
1844,Lawin,II,Cagayan,2016,STY,4,225,970.1,5,1214812,129,190832,22,60,102,96,81,1130,51455,148930,28439,3997,118,136324,4944763000
972,Quiel,III,Tarlac,2011,TY,5,160,974.4,0,1291279,424,245658,17,59,102,92,199,1948,30304,203879,19208,4023,6,280,0
584,Jolina,VI,Negros Occidental,2009,TS,4,75,991.5,1,2895105,362,159000,30,64,105,83,86,1732,190616,282616,122567,8905,2,110,11396376.34
1056,Gener,Vi,Negros Occidental,2012,TY,5,130,972,3,2967451,371,202000,32,63,101,84,89,1790,189426,267424,123001,8881,2,0,0
934,Pedring,III,Zambales,2011,TY,5,140,976.2,3,768806,202,245658,16,60,101,92,199,1948,16613,126635,14048,2214,14,6617,370209902.8
34,Quedan,IV-B,Palawan,2005,TD,3,55,1002.8,1,851082,50,106927,37,86,108,83,57,753,41881,49636,126122,4252,9,11,0
1714,Kabayan,III,Aurora,2015,STS,3,95,985,2,214336,68,247164,27,65,95,92,168,1910,11421,22705,7421,587,2,522,1176000
126,Henry,III,Pampanga,2006,TS,6,95,995.7,1,2176175,1054,197640,3,61,103,90,201,1866,35472,368864,12695,10905,4,0,33207318
1268,Maring,IV-A,Cavite,2013,TS,4,105,982,1,3430920,2248,266244,3,51,99,95,212,2568,68394,552896,15684,4503,10,630,72530810.25
521,Emong,II,Isabela,2009,TY,4,150,997.5,2,1459662,111,181000,29,58,104,88,89,1052,59354,229833,29330,2507,8,7,61858750
12,Labuyo,CAR,Benguet,2005,TY,5,95,998.9,1,646800,229,177694,26,57,98,87,57,549,14496,163349,1867,1672,3,0,9113000
69,Caloy,V,Albay,2006,TY,7,160,981,3,1172927,456,125184,36,77,104,80,123,1115,26955,126543,56990,18368,3,7158,609262027.8
1751,Lando,CAR,Kalinga,2015,TY,8,185,943,3,212680,65,245161,23,63,93,91,23,677,13232,19329,3671,255,1,498,342361000
1559,Queenie,VII,Bohol,2014,TS,3,85,997,1,1301660,273,199404,39,67,98,87,53,1779,74268,133441,39054,3191,3,913,0
281,Egay,IV-A,Laguna,2007,TY,6,215,994.1,0,2473530,1290,222092,6,57,98,93,233,2156,78006,440668,7934,5992,2,0,0
572,Isang,IV-A,Cavite,2009,TS,5,95,983.3,0,3010661,1973,249000,3,54,97,94,236,2022,67688,574033,15593,3702,2,0,0
680,Pepeng,III,Pampanga,2009,TY,10,195,978.5,1,2302752,1115,221000,7,58,102,92,198,1773,32259,415342,13645,5901,8,51,727174660
672,Pepeng,I,Ilocos Norte,2009,TY,10,195,978.5,3,561020,164,186000,15,58,101,92,121,642,11365,102144,5349,1280,6,2575,1955376672
382,Frank,III,Bataan,2008,TY,6,160,988,3,670491,488,212922,2,58,102,92,197,1795,11674,115739,8978,3154,2,68,64125630.82
1266,Maring,III,Zambales,2013,TS,4,105,982,1,795871,209,239665,17,59,98,92,173,1897,16670,129802,13984,2207,3,3,23012914.42
1772,Nona,IV-B,Oriental Mindoro,2015,TY,7,150,963,3,844059,199,166983,31,65,97,86,23,832,24973,89650,42993,5762,22,142431,1176011000
480,Karen,CAR,Apayao,2008,TY,5,140,988.7,3,106551,24,209648,25,67,108,89,55,599,8683,10213,2455,214,1,299,54830063
924,Pedring,II,Isabela,2011,TY,5,140,976.2,3,1509872,115,190217,26,56,102,93,92,1158,59519,214517,30612,2465,10,11842,630323257.8
407,Frank,VII,Bohol,2008,TY,6,160,988,1,1238393,259,169677,45,74,103,87,107,1622,74722,130520,38613,3142,2,3,64196975.59
331,Lando,VIII,Eastern Samar,2007,TY,10,130,998.3,1,405114,87,136249,53,84,108,74,72,835,19148,28538,34062,1966,1,0,0
1027,Gener,I,Ilocos Sur,2012,TY,5,130,972,3,670848,258,204000,17,57,100,93,119,1021,20700,107462,5072,820,4,0,52724203.5
636,Ondoy,III,Bulacan,2009,TS,4,110,989.5,2,2889956,1038,221000,7,57,100,92,198,1773,52213,549175,14297,5628,50,980,1149771828
1770,Nona,IV-B,Romblon,2015,TY,7,150,963,3,292781,191,166983,41,71,98,86,23,832,9098,27057,20670,3260,5,6601,13018000
789,Dodong,III,Zambales,2011,TS,2,65,1004.3,0,768806,202,245658,16,60,101,92,199,1948,16613,126635,14048,2214,1,0,0
1244,Labuyo,IV-A,Quezon,2013,TY,3,175,914,2,2067430,234,266244,29,64,99,95,212,2568,127172,273750,86807,39586,1,0,0
659,Ondoy,XII,Sultan Kudarat,2009,TS,4,110,989.5,1,722976,135,154000,52,65,105,79,106,972,41654,53025,61604,1891,3,109,0
427,Frank,XII,Sultan Kudarat,2008,TY,6,160,988,0,699642,130,139277,52,67,106,78,103,957,40244,48681,59032,1867,2,405,72640042.25
965,Quiel,II,Isabela,2011,TY,5,160,974.4,1,1509872,115,190217,26,56,102,93,92,1158,59519,214517,30612,2465,16,14499,152000000
1461,Glenda,V,Camarines Sur,2014,TY,5,150,964.2,3,1925786,349,158206,44,71,98,86,54,1164,54754,169648,104753,16599,24,153525,3814250333
220,Seniang,VIII,Samar,2006,TY,6,130,992.8,3,687161,114,125731,40,86,108,74,79,813,25956,34661,65829,5848,8,9952,56400000
1778,Nona,V,Camarines Sur,2015,TY,7,150,963,3,1952544,354,158941,43,70,96,86,51,1174,54633,170211,104967,16717,1,75,312991000
1373,Yolanda (Haiyan),VIII,Samar,2013,TY,3,235,910,4,761287,126,162988,46,73,99,74,42,865,29427,39822,64150,5348,2657,18315,4776309654
905,Mina,IX,Zamboanga del Norte,2011,TY,9,195,975.3,0,968446,133,155763,59,68,103,84,66,699,51300,41118,91380,3881,1,0,0
1061,Gener,X,Misamis Oriental,2012,TY,5,130,972,3,1473579,416,190000,23,64,100,92,108,1036,104695,132967,37315,3080,1,37,0
700,Pepeng,CAR,Ifugao,2009,TY,10,195,978.5,2,187594,72,219000,25,65,107,90,51,612,16322,17559,4125,133,1,0,158874574
1797,Butchoy,IV-B,Occidental Mindoro,2016,TY,4,220,925,0,494611,85,167400,37,73,104,87,56,857,12838,45070,32519,3583,1,0,0
93,Florita,III,Bulacan,2006,TY,5,120,982.8,0,2729554,981,197640,7,61,101,90,201,1866,55401,480989,12471,9622,2,0,0
1075,Helen,I,La Union,2012,TS,4,85,991,2,759491,507,204000,19,59,104,93,119,1021,33197,115361,3441,611,5,4,13147220.22
604,Kiko,NCR,Metro Manila,2009,TY,7,175,967.6,0,11752401,18970,356000,4,49,96,94,195,449,339984,2183588,36475,13938,1,0,0
1018,Ferdie,I,La Union,2012,TD,2,150,950,1,759491,507,204000,19,59,104,93,119,1021,33197,115361,3441,611,2,0,0
223,Bebeng,IV-B,Palawan,2007,TY,3,175,961,1,892660,52,118726,34,89,109,84,60,682,46503,59177,126456,4001,2,0,0
141,Milenyo,IV-A,Laguna,2006,TY,5,130,963.9,3,2393677,1241,209749,6,57,98,92,259,2112,77213,420719,8344,6156,458,44499,757415268
1592,Ruby,IV-A,Rizal,2014,TY,8,215,927,3,2799518,2367,270555,7,53,100,95,211,2011,76796,410575,14884,4250,1,0,81888000
268,Egay,I,La Union,2007,TY,6,215,994.1,1,720972,481,155630,27,61,102,91,118,1016,33830,112688,3171,777,1,1,0
1099,Marce,IV-A,Batangas,2012,TS,3,95,987,1,2499433,802,284000,19,56,100,95,242,2166,57792,391011,16845,4570,1,0,0
822,Falcon,V,Catanduanes,2011,TS,5,195,979.9,1,249165,167,158596,32,76,103,84,109,1145,10087,23836,10791,1696,7,0,0
564,Feria,X,Misamis Oriental,2009,TS,4,75,993.6,0,1377196,389,165000,29,67,105,87,109,1035,107140,142213,38398,2791,2,0,0
1006,Sendong,XI,Compostela Valley,2011,TS,4,75,995.8,0,696710,153,184178,37,62,107,84,108,982,72844,40579,21589,1536,5,18,0
201,Reming,V,Sorsogon,2006,TY,6,195,964,3,700906,331,125184,41,86,105,80,123,1115,10210,55695,52297,20579,35,24502,236533685.2
821,Falcon,V,Albay,2011,TS,5,195,979.9,1,1249297,485,158596,40,68,102,84,109,1145,27175,135918,56678,18308,1,29,46762630
1412,Basyang,VIII,Southern Leyte,2014,TS,3,45,1004,2,417127,232,163735,43,63,98,74,42,865,24831,45190,13705,1844,1,0,3047333.33
1449,Glenda,IV-A,Batangas,2014,TY,5,150,964.2,3,2627735,844,270555,18,55,99,95,211,2011,57159,399938,17132,4343,99,72676,1793391000
1551,Mario,CAR,Abra,2014,TY,5,105,982,2,239861,57,242328,24,62,98,91,54,647,13530,31016,1747,164,2,1054,193073000
1433,Glenda,NCR,Metro Manila,2014,TY,5,150,964.2,3,12666191,20445,370275,4,46,101,95,162,470,344593,2139922,41695,20797,2,0,35180000
95,Florita,III,Zambales,2006,TY,5,120,982.8,1,706341,185,197640,24,64,104,90,201,1866,16458,120534,13883,2102,7,1,0
1084,Igme,I,La Union,2012,TY,8,165,1000.2,2,759491,507,204000,19,59,104,93,119,1021,33197,115361,3441,611,6,29,181533.6
204,Seniang,IV-A,Rizal,2006,TY,6,130,992.8,1,2203052,1863,209749,3,60,100,92,259,2112,80425,355231,12039,5408,2,0,0
152,Milenyo,V,Sorsogon,2006,TY,5,130,963.9,3,700906,331,125184,41,86,105,80,123,1115,10210,55695,52297,20579,12,71344,1223237458
477,Karen,CAR,Benguet,2008,TY,5,140,988.7,2,690145,244,209648,25,52,98,89,55,599,13748,183430,1470,1147,11,23,2909323
181,Paeng,CAR,Benguet,2006,TY,5,195,981.7,3,660485,234,192126,26,55,97,88,57,564,15271,180703,1712,1789,6,3,11980000
977,Quiel,CAR,Ifugao,2011,TY,5,160,974.4,0,193367,74,243652,24,63,103,90,57,651,16082,16019,4298,166,5,11,0
1040,Gener,IV-A,Laguna,2012,TY,5,130,972,3,2810347,1457,284000,6,51,99,95,242,2166,75062,467557,8246,4164,3,1,20371050
1519,Mario,NCR,Metro Manila,2014,TY,5,105,982,2,12666191,20445,370275,4,46,101,95,162,470,344593,2139922,41695,20797,4,0,0
340,Mina,I,Pangasinan,2007,TY,8,175,992.7,1,2645395,484,155630,26,68,103,91,118,1016,107895,374688,49442,11772,2,53,46607138
1669,Dodong,II,Cagayan,2015,TY,6,185,943,3,1199320,128,190709,22,56,97,96,59,1132,51508,149516,28357,3991,2,0,7299000
492,Nina,VI,Antique,2008,TY,5,175,983.2,0,525323,192,148641,47,79,105,83,86,1685,28453,42799,34472,3032,3,19,354420
1328,Santi,III,Nueva Ecija,2013,TY,5,150,976,3,2070770,364,239665,28,56,100,92,173,1897,59168,309621,36281,7373,30,78505,3160391051
671,Pepeng,I,Pangasinan,2009,TY,10,195,978.5,1,2734297,502,186000,22,65,106,92,121,642,108664,409864,48837,8567,42,8655,6347650035
1086,Igme,IV-A,Quezon,2012,TY,8,165,1000.2,2,2040275,231,284000,28,64,101,95,242,2166,130467,273167,87375,43421,1,0,0
884,Mina,I,Ilocos Sur,2011,TY,9,195,975.3,1,664689,256,197814,18,57,100,92,119,1018,20808,105986,5175,855,8,20,67605064.47
1157,Pablo,XI,Davao del Norte,2012,TY,8,185,943,3,973383,284,194000,33,58,100,85,108,1053,73108,85520,26813,2122,19,3092,8218165655
390,Frank,IV-A,Laguna,2008,TY,6,160,988,3,2537310,1316,235161,7,56,98,94,232,2199,75603,466911,8110,3976,1,6597,88956148.25
104,Florita,CAR,Apayao,2006,TY,5,120,982.8,2,102678,23,192126,26,69,108,88,57,564,8327,9229,2495,258,2,25,10700000
1450,Glenda,IV-A,Cavite,2014,TY,5,150,964.2,3,3552458,2328,270555,3,50,100,95,211,2011,68042,558481,15687,4271,59,42271,366846000
1401,Agaton,XIII,Agusan del Norte,2014,TD,4,55,1000,1,681397,199,167968,39,67,96,91,17,750,39362,39972,42626,3312,11,175,511709000
933,Pedring,III,Tarlac,2011,TY,5,140,976.2,3,1291279,424,245658,17,59,102,92,199,1948,30304,203879,19208,4023,2,97,1067867418
1262,Maring,III,Bulacan,2013,TS,4,105,982,1,3139773,1128,239665,7,53,99,92,173,1897,53211,531715,13609,7021,2,11,89542332.08
1776,Nona,V,Masbate,2015,TY,7,150,963,3,892393,216,158941,53,83,96,86,51,1174,28661,45166,81561,7471,3,8955,95395000
1525,Mario,I,Ilocos Norte,2014,TY,5,105,982,2,587981,172,197135,12,55,99,93,83,3267,11538,100643,5356,1294,3,1346,740356000
670,Pepeng,I,La Union,2009,TY,10,195,978.5,2,734861,490,186000,29,62,106,92,121,642,32679,119392,3489,467,130,19182,2126377659
1753,Nona,NCR,Metro Manila,2015,TY,7,150,963,1,12877253,20785,371967,4,45,102,95,160,470,343296,2146351,41053,20263,1,0,0
851,Juaning,V,Camarines Sur,2011,STS,4,95,994.4,1,1847692,335,158596,43,73,102,84,109,1145,54600,162426,104064,16214,10,0,891582949.6
868,Kabayan,NCR,Metro Manila,2011,TY,9,175,970,0,12053536,19456,371173,4,47,97,95,184,465,350258,2064904,48829,28680,1,0,0
1207,Crising,VI,Aklan,2013,TD,3,45,1004,1,558853,317,179929,34,60,99,85,59,1776,6405,43574,45956,11751,1,0,0
1148,Pablo,IX,Zamboanga del Norte,2012,TY,8,185,943,3,979009,134,162000,54,68,101,86,65,711,52150,42180,91571,3877,1,0,0
412,Frank,VIII,Eastern Samar,2008,TY,6,160,988,3,412885,89,147648,55,81,108,73,70,883,20029,30283,33185,1963,9,26056,153108470.8
1050,Gener,VI,Antique,2012,TY,5,130,972,3,560148,205,202000,31,66,100,84,89,1790,28540,42784,34394,3108,4,1080,15777272.6
1543,Mario,IV-A,Laguna,2014,TY,5,105,982,2,2958241,1534,270555,7,50,100,95,211,2011,74153,481146,8279,3472,1,0,0
1066,Gener,CAR,Abra,2012,TY,5,130,972,3,237283,56,257000,23,62,101,91,55,704,13530,30596,1737,175,1,39,8982037.64
64,Caloy,IV-B,Marinduque,2006,TY,7,160,981,2,227846,239,108946,41,83,102,83,64,686,11861,27781,8184,777,8,2655,56938700
1327,Santi,III,Bulacan,2013,TY,5,150,976,3,3139773,1128,239665,7,53,99,92,173,1897,53211,531715,13609,7021,3,4907,0
36,Quedan,IV-B,Occidental Mindoro,2005,TD,3,55,1002.8,1,409591,70,106927,46,77,108,83,57,753,11744,38055,32072,3811,6,0,0
66,Caloy,IV-B,Oriental Mindoro,2006,TY,7,160,981,2,727808,172,108946,44,85,105,83,64,686,23307,77776,42983,6350,19,26437,80691499
1141,Pablo,VII,Bohol,2012,TY,8,185,943,3,1278182,268,209000,37,68,101,87,105,1764,74531,130181,38919,3226,3,105,35422120
166,Milenyo,CAR,Kalinga,2006,TY,5,130,963.9,0,181116,55,192126,26,74,105,88,57,564,13749,16054,3622,330,1,0,0
121,Henry,I,Pangasinan,2006,TS,6,95,995.7,1,2614120,480,142358,29,68,103,90,123,978,107522,359753,51613,11848,5,0,13330280
1452,Glenda,IV-A,Quezon,2014,TY,5,150,964.2,3,2094947,237,270555,28,63,98,95,211,2011,120750,269641,86182,31473,380,144659,15194650000
1261,Maring,III,Bataan,2013,TS,4,105,982,1,730492,532,239665,2,54,100,92,173,1897,11593,116710,9166,3022,1,39,114349763.8
1893,Nina,VIII,Eastern Samar,2016,TY,5,185,986.6,0,475217,103,164224,62,77,104,74,66,865,20488,31213,32720,1984,1,0,33000000
142,Milenyo,IV-A,Quezon,2006,TY,5,130,963.9,3,1852326,210,209749,34,73,105,92,259,2112,150238,269667,90783,66429,98,53523,239178406
1108,Ofel,IV-B,Romblon,2012,TD,4,85,991,2,287438,187,179000,41,73,101,86,67,795,8701,26240,20987,3281,5,229,8700000
207,Seniang,IV-B,Oriental Mindoro,2006,TY,6,130,992.8,3,727808,172,108946,44,85,105,83,64,686,23307,77776,42983,6350,28,974,0
853,Juaning,V,Masbate,2011,STS,4,95,994.4,1,845892,204,158596,53,87,102,84,109,1145,26534,41632,82740,7318,21,0,58103744
947,Pedring,V,Catanduanes,2011,TY,5,140,976.2,1,249165,167,158596,32,76,103,84,109,1145,10087,23836,10791,1696,1,54,37832963.92
431,Frank,ARMM,Maguindanao,2008,TY,6,160,988,1,1419192,140,104212,53,80,104,72,21,600,74101,56214,116021,9767,39,324,86723042.25
1028,Gener,I,La Union,2012,TY,5,130,972,3,759491,507,204000,19,59,104,93,119,1021,33197,115361,3441,611,1,0,94744203.5
1395,Agaton,X,Misamis Oriental,2014,TD,4,55,1000,1,1533559,433,180380,25,63,96,92,65,1085,105878,137650,37896,2942,27,256,105000000
1253,Labuyo,CAR,Ifugao,2013,TY,3,175,914,2,198028,76,237662,24,62,99,91,55,706,16292,16762,4147,149,3,153,41924469.66
1159,Pablo,XI,Davao Oriental,2012,TY,8,185,943,3,533774,94,194000,46,67,102,85,108,1053,28727,23321,47740,2532,2859,35050,11718432970
458,Igme,CAR,Abra,2008,TY,6,140,984.9,1,232206,55,209648,25,67,105,89,55,599,13521,30820,1680,171,5,2,1511000
1364,Yolanda (Haiyan),VI,Negros Occidental,2013,TY,3,235,910,4,2997703,374,179929,31,63,99,85,59,1776,189878,271902,122837,8831,86,63068,1234653149
1265,Maring,III,Tarlac,2013,TS,4,105,982,1,1328127,436,239665,17,58,99,92,173,1897,30123,210301,18589,3656,1,1,110161111.7
870,Kabayan,I,La Union,2011,TY,9,175,970,0,750647,501,197814,22,61,106,92,119,1018,33329,113568,3502,644,1,0,0
79,Caloy,VI,Negros Occidental,2006,TY,7,160,981,1,2824219,353,129905,28,65,106,82,86,1604,186709,240559,123986,9181,3,4,41585000
1443,Glenda,III,Bataan,2014,TY,5,150,964.2,3,745418,543,244331,2,54,99,92,167,1923,11541,117531,9252,2892,84,3749,553799000
615,Maring,III,Bulacan,2009,TD,3,55,999.7,1,2889956,1038,221000,7,57,100,92,198,1773,52213,549175,14297,5628,1,0,7459024
767,Bebeng,VII,Negros Oriental,2011,TS,6,85,997,0,1300050,240,200310,44,63,102,87,105,1742,72012,83272,95938,10438,1,0,200000
1739,Lando,IV-A,Laguna,2015,TY,8,185,943,1,3035081,1574,273155,7,49,100,95,208,2290,73912,483518,8307,3388,1,0,40772000
1051,Gener,VI,Iloilo,2012,TY,5,130,972,3,2290648,451,202000,26,61,101,84,89,1790,168072,199943,64659,4216,9,537,13236129.6
1737,Lando,III,Zambales,2015,TY,8,185,943,3,823888,216,247164,16,59,95,92,168,1910,16719,130712,14164,2291,6,919,510446000
745,Juan,III,Nueva Ecija,2010,TY,6,225,988.7,2,1955373,344,233003,28,58,103,92,198,1901,57432,334801,36124,4768,4,26,1612602761
406,Frank,VI,Negros Occidental,2008,TY,6,160,988,2,2882408,360,148641,30,63,106,83,86,1685,189969,267643,122803,8607,69,4640,992079055.4
28,Quedan,I,Ilocos Sur,2005,TD,3,55,1002.8,1,621761,240,135955,22,63,101,90,124,915,21456,97129,5793,1065,8,0,0
1465,Glenda,VI,Iloilo,2014,TY,5,150,964.2,3,2352741,464,185161,26,60,98,84,61,1942,168836,205423,64942,4192,1,0,0
982,Ramon,IV-B,Oriental Mindoro,2011,TS,5,55,1001.4,0,796960,188,165314,31,67,103,86,66,706,24302,84871,42984,6001,1,0,0
159,Milenyo,VII,Negros Oriental,2006,TY,5,130,963.9,0,1216816,224,144288,43,71,104,85,110,1381,68076,74792,96127,11052,1,0,0
730,Basyang,V,Camarines Norte,2010,TY,4,120,995.9,3,542915,238,155263,37,71,105,83,109,1134,11128,56639,38001,9802,18,7939,58832999
25,Labuyo,V,Masbate,2005,TY,5,95,998.9,1,750911,181,119539,53,99,105,80,124,1096,21503,33934,85187,7610,1,0,0
1405,Agaton,XIII,Surigao del Sur,2014,TD,4,55,1000,1,585909,119,167968,42,66,96,91,17,750,25780,23415,56900,3726,3,657,569472000
217,Seniang,VIII,Leyte,2006,TY,6,130,992.8,3,1704748,261,125731,38,76,106,74,79,813,90901,143369,108044,12439,7,2562,91400000
738,Juan,II,Cagayan,2010,TY,6,225,988.7,4,1124773,120,185551,25,58,103,90,91,1106,52165,160538,27658,3984,8,15785,570358990
1724,Lando,I,La Union,2015,TY,8,185,943,3,786653,525,198464,21,54,98,93,86,2242,32888,117529,3499,534,4,8950,458864000
595,Kiko,III,Zambales,2009,TY,7,175,967.6,1,743678,195,221000,17,61,103,92,198,1773,16768,132633,14198,2310,11,711,580189276.2
1860,Lawin,CAR,Abra,2016,STY,4,225,970.1,5,242466,58,245538,23,65,102,91,52,662,13532,30977,1760,165,1,11800,829399166.7
1334,Santi,IV-B,Occidental Mindoro,2013,TY,5,150,976,3,473333,81,159497,37,70,98,87,64,782,12911,44701,32438,3542,1,0,0
345,Mina,II,Cagayan,2007,TY,8,175,992.7,3,1072571,115,154520,29,63,104,86,84,724,51147,139056,28290,3891,23,54,339356730.6
11,Labuyo,CAR,Benguet,2005,TY,5,95,998.9,1,646800,229,177694,26,57,98,87,57,549,14496,163349,1867,1672,2,4,2100000
1636,Seniang,VIII,Leyte,2014,TS,4,65,997,2,1929889,295,163735,38,66,96,74,42,865,97041,162200,104440,11248,14,1209,130557000
901,Mina,CAR,Kalinga,2011,TY,9,195,975.3,1,203779,62,243652,24,65,103,90,57,651,13445,18002,3652,285,1,42,126557000
573,Isang,IV-A,Rizal,2009,TS,5,95,983.3,0,2421173,2047,249000,9,57,100,94,236,2022,75786,422769,15542,3948,1,0,0
755,Juan,CAR,Kalinga,2010,TY,6,225,988.7,3,201613,61,230997,24,65,106,90,57,639,12683,21564,3848,215,7,14531,608308499.3
962,Quiel,I,La Union,2011,TY,5,160,974.4,0,750647,501,197814,22,61,106,92,119,1018,33329,113568,3502,644,1,589,0
1705,Ineng,CAR,Benguet,2015,TY,6,180,964,0,791590,280,245161,23,51,93,91,23,677,12410,170589,1433,942,29,170,310948000
940,Pedring,IV-B,Occidental Mindoro,2011,TY,5,140,976.2,3,459659,79,165314,37,71,104,86,66,706,12683,43197,32339,3587,9,4,622947320
1467,Glenda,VIII,Leyte,2014,TY,5,150,964.2,3,1929889,295,163735,38,66,96,74,42,865,97041,162200,104440,11248,4,0,36580666.67
146,Milenyo,IV-B,Marinduque,2006,TY,5,130,963.9,3,227846,239,108946,41,83,102,83,64,686,11861,27781,8184,777,1,964,24749333.33
748,Juan,III,Zambales,2010,TY,6,225,988.7,1,755621,198,233003,17,60,103,92,198,1901,16923,136238,14682,2559,5,431,100280042.9
424,Frank,XII,Cotabato,2008,TY,6,160,988,0,1155789,124,139277,34,68,106,78,103,957,105517,78818,60201,1758,3,4462,72640042.25
928,Pedring,III,Aurora,2011,TY,5,140,976.2,3,203788,65,245658,26,67,104,92,199,1948,11268,21608,7505,597,1,6230,209526585
513,Dante,V,Camarines Sur,2009,TY,5,140,991.8,2,1778472,323,152000,48,76,104,81,114,1103,54677,173772,105342,16905,6,0,545984975
1009,Sendong,XIII,Surigao del Sur,2011,TS,4,75,995.8,2,567292,115,169009,41,68,103,89,58,649,25130,22148,56617,3684,3,2912,16987400
1113,Ofel,VIII,Leyte,2012,TD,4,85,991,2,1858192,284,166000,39,68,101,74,77,819,95707,158178,105137,11504,6,0,13166954.06
1330,Santi,III,Tarlac,2013,TY,5,150,976,3,1328127,436,239665,17,58,99,92,173,1897,30123,210301,18589,3656,2,33383,6884865
1118,Ofel,IX,Zamboanga del Sur,2012,TD,4,85,991,2,1808343,307,162000,32,66,101,86,65,711,134645,103459,102193,4065,1,0,0
169,Paeng,I,Ilocos Sur,2006,TY,5,195,981.7,3,627424,242,142358,21,63,102,90,123,978,21094,101012,5132,962,3,0,0
1213,Crising,XI,Compostela Valley,2013,TD,3,45,1004,1,716138,157,179758,37,61,98,86,105,1026,73979,42892,21236,1424,2,0,0
1633,Seniang,VII,Cebu,2014,TS,4,65,997,2,4535374,849,199404,24,62,98,87,53,1779,297909,472786,75293,8925,20,507,72737000
752,Juan,CAR,Apayao,2010,TY,6,225,988.7,3,112636,25,230997,24,63,107,90,57,639,8934,11017,2801,184,2,1147,482096422.3
186,Queenie,III,Nueva Ecija,2006,TY,5,195,999.3,3,1816373,319,197640,27,63,103,90,201,1866,60427,280239,37493,9905,1,0,0
890,Mina,III,Nueva Ecija,2011,TY,9,195,975.3,0,1993106,350,245658,27,57,102,92,199,1948,59465,300228,36811,8050,2,0,0
198,Reming,V,Camarines Sur,2006,TY,6,195,964,4,1672724,303,125184,48,81,105,80,123,1115,54501,150824,102771,15494,416,295423,1323984479
425,Frank,XII,Sarangani,2008,TY,6,160,988,0,483186,133,139277,55,74,108,78,103,957,27150,22039,50304,1283,5,198,72640042.25
1076,Helen,I,Pangasinan,2012,TS,4,85,991,2,2849301,523,204000,20,62,104,93,119,1021,108250,391651,49635,9964,2,0,20138555.22
10,Labuyo,CAR,Abra,2005,TY,5,95,998.9,2,224606,53,177694,26,69,105,87,57,549,13581,27483,1978,239,2,0,1126000
560,Feria,VIII,Southern Leyte,2009,TS,4,75,993.6,0,396354,220,160000,43,69,105,74,74,845,24801,46660,13438,1839,2,0,0
75,Caloy,VI,Capiz,2006,TY,7,160,981,1,694672,268,129905,30,77,104,82,86,1604,52320,51591,34191,2374,14,504,16550000
65,Caloy,IV-B,Occidental Mindoro,2006,TY,7,160,981,2,415726,71,108946,43,76,109,83,64,686,12408,40170,32056,3595,4,2544,4379000
1643,Seniang,X,Bukidnon,2014,TS,4,65,997,2,1391218,133,180380,48,67,95,92,65,1085,138350,89373,24085,660,3,151,26961000
1728,Lando,II,Isabela,2015,TY,8,185,943,4,1593566,122,190709,26,55,96,96,59,1132,59396,224987,29766,2498,15,1519,790123000
696,Pepeng,CAR,Apayao,2009,TY,10,195,978.5,3,109551,24,219000,25,65,107,90,51,612,8808,10608,2622,198,1,4117,695488000
216,Seniang,VII,Cebu,2006,TY,6,130,992.8,3,3776061,707,144288,30,71,103,85,110,1381,295997,403513,77272,12517,23,11,1100000
136,Milenyo,III,Bulacan,2006,TY,5,130,963.9,3,2729554,981,197640,7,61,101,90,201,1866,55401,480989,12471,9622,1,710,14065536.21
1336,Santi,CAR,Apayao,2013,TY,5,150,976,3,116520,26,237662,24,60,98,91,55,706,8700,10290,2546,213,3,0,0
484,Nina,I,La Union,2008,TY,5,175,983.2,1,727884,485,170138,28,62,104,91,121,992,33249,115992,3326,602,2,20,0
1337,Vinta,I,Ilocos Norte,2013,TY,3,130,972,3,582925,171,194908,12,56,100,93,81,1217,11598,100133,5313,1290,2,0,33338078.89
726,Basyang,IV-A,Cavite,2010,TY,4,120,995.9,2,3090691,2025,260159,3,53,97,94,234,2086,66323,603474,15559,2934,28,35293,11822730
724,Basyang,III,Zambales,2010,TY,4,120,995.9,2,755621,198,233003,17,60,103,92,198,1901,16923,136238,14682,2559,8,1,0
682,Pepeng,III,Nueva Ecija,2009,TY,10,195,978.5,2,1917470,337,221000,30,59,103,92,198,1773,58496,319839,36111,6076,12,188,2619192215
209,Seniang,IV-B,Marinduque,2006,TY,6,130,992.8,2,227846,239,108946,41,83,102,83,64,686,11861,27781,8184,777,5,0,0
1133,Ofel,XII,Cotabato,2012,TD,4,85,991,2,1285648,138,163000,44,64,101,82,105,1017,104732,78972,60797,1776,4,0,0
89,Florita,I,Ilocos Sur,2006,TY,5,120,982.8,1,627424,242,142358,21,63,102,90,123,978,21094,101012,5132,962,6,0,200447
1035,Gener,III,Pampanga,2012,TY,5,130,972,3,2444602,1184,259000,8,55,100,92,201,1907,33405,398922,13133,8112,1,0,27141056
337,Mina,I,Ilocos Norte,2007,TY,8,175,992.7,3,547284,160,155630,17,60,102,91,118,1016,11958,97074,5049,1271,3,3447,12025473
523,Emong,II,Cagayan,2009,TY,4,150,997.5,2,1107096,118,181000,28,60,103,88,89,1052,51823,153032,27867,3953,6,0,175155104
1057,Gener,VIII,Southern Leyte,2012,TY,5,130,972,3,408033,227,166000,43,64,101,74,77,819,24903,43716,13928,1840,2,0,0
1605,Ruby,VI,Antique,2014,TY,8,215,927,3,574631,210,185161,36,65,97,84,61,1942,29329,43956,33861,3145,5,0,15964000
1453,Glenda,IV-A,Rizal,2014,TY,5,150,964.2,3,2799518,2367,270555,7,53,100,95,211,2011,76796,410575,14884,4250,3,4135,1147662000
1024,Ferdie,V,Camarines Sur,2012,TD,2,150,950,1,1873365,340,162000,41,72,101,86,110,1134,54906,165667,104087,16239,2,0,0
1335,Santi,V,Catanduanes,2013,TY,5,150,976,3,254996,171,156965,31,74,99,87,110,1183,10015,24633,10782,1731,3,0,0
1270,Maring,IV-A,Quezon,2013,TS,4,105,982,1,2067430,234,266244,29,64,99,95,212,2568,127172,273750,86807,39586,1,1,1919400
1599,Ruby,V,Camarines Norte,2014,TY,8,215,927,3,575000,252,158206,33,69,98,86,54,1164,11302,52613,37715,9065,3,2,31811000
297,Hannah,NCR,Metro Manila,2007,TS,4,65,997.8,1,11547959,18669,325232,4,50,96,94,183,19,365227,2022207,56885,41318,1,0,0
1168,Pablo,XIII,Surigao del Sur,2012,TY,8,185,943,3,573431,116,180000,36,67,101,91,59,717,25425,22678,56730,3700,43,23932,158766095
225,Bebeng,IX,Zamboanga del Norte,2007,TY,3,175,961,1,907238,124,131348,66,71,105,79,72,661,50625,39655,88910,3697,1,57,0
1404,Agaton,XIII,Surigao del Norte,2014,TD,4,55,1000,1,476273,244,167968,47,63,97,91,17,750,15713,36593,31421,4268,4,181,110141000
1632,Seniang,VII,Bohol,2014,TS,4,65,997,2,1301660,273,199404,39,67,98,87,53,1779,74268,133441,39054,3191,10,436,52505000
415,Frank,VIII,Samar,2008,TY,6,160,988,3,707665,117,147648,42,84,108,73,70,883,28733,39110,64369,5380,4,20803,142950470.8
1637,Seniang,VIII,Samar,2014,TS,4,65,997,2,770824,127,163735,47,72,96,74,42,865,29857,40328,63973,5309,44,198,251329000
420,Frank,X,Misamis Occidental,2008,TY,6,160,988,0,543407,271,156863,46,66,103,86,109,1028,43362,39924,29636,2406,1,0,42388042.25
1426,Glenda,NCR,Metro Manila,2014,TY,5,150,964.2,3,12666191,20445,370275,4,46,101,95,162,470,344593,2139922,41695,20797,2,62,13450000
155,Milenyo,VI,Iloilo,2006,TY,5,130,963.9,1,2083107,410,129905,22,61,104,82,86,1604,164316,180774,64552,4532,2,7,86250000
885,Mina,I,La Union,2011,TY,9,195,975.3,1,750647,501,197814,22,61,106,92,119,1018,33329,113568,3502,644,2,108,84174587.68
641,Ondoy,IV-A,Laguna,2009,TS,4,110,989.5,1,2602735,1350,249000,8,54,98,94,236,2022,73275,494718,8291,2638,25,7709,899922900
1073,Helen,I,Ilocos Norte,2012,TS,4,85,991,2,577913,169,204000,10,56,100,93,119,1021,11698,99227,5340,1302,2,4,12248735.22
1733,Lando,III,Bulacan,2015,TY,8,185,943,2,3292071,1183,247164,7,51,99,92,168,1910,52732,538668,14074,6431,11,115,890929000
707,Santi,IV-A,Batangas,2009,TY,5,150,961.9,3,2332719,749,249000,17,60,101,94,236,2022,56485,409118,17361,4092,4,2280,160923250
1082,Helen,CAR,Benguet,2012,TS,4,85,991,2,749456,265,257000,23,50,98,91,55,704,13410,176971,1494,1204,3,16,0
13,Labuyo,CAR,Kalinga,2005,TY,5,95,998.9,2,179914,55,177694,26,74,105,87,57,549,13423,15228,3925,368,1,0,7050000
721,Basyang,III,Bataan,2010,TY,4,120,995.9,2,687482,501,233003,2,56,102,92,198,1901,11224,124081,9672,2165,8,2927,7029332
5,Auring,VIII,Southern Leyte,2005,TS,4,105,1004.9,2,381822,212,117645,31,75,105,75,75,805,23697,36338,16078,2072,1,0,6900000
239,Dodong,CAR,Benguet,2007,TS,2,75,994,1,674459,239,200696,26,53,96,88,56,580,16088,199901,1570,1915,2,34,29529000
684,Pepeng,III,Tarlac,2009,TY,10,195,978.5,1,1263231,415,221000,18,61,103,92,198,1773,29995,216667,18046,3132,5,36,1262247476
111,Glenda,NCR,Metro Manila,2006,TY,5,130,987.7,0,11302020,18243,310860,5,50,96,94,222,20,360364,1944143,60504,42014,2,0,0
850,Juaning,V,Camarines Norte,2011,STS,4,95,994.4,1,550764,242,158596,33,71,103,84,109,1145,11425,50292,37544,8739,12,0,304447155
1547,Mario,IV-B,Romblon,2014,TY,5,105,982,2,290989,190,164121,41,72,99,86,21,882,9032,26950,20707,3255,1,0,0
1634,Seniang,VII,Siquijor,2014,TS,4,65,997,2,94980,281,199404,32,59,98,87,53,1779,7327,9940,2807,297,3,0,0
1101,Marce,IV-B,Oriental Mindoro,2012,TS,3,95,987,1,808483,191,179000,29,67,101,86,67,795,24578,86762,42817,5885,3,28,0
772,Bebeng,NCR,Metro Manila,2011,TS,6,85,997,1,12053536,19456,371173,4,47,97,95,184,465,350258,2064904,48829,28680,1,0,0
1092,Karen,VIII,Southern Leyte,2012,TY,4,185,943,0,408033,227,166000,43,64,101,74,77,819,24903,43716,13928,1840,1,0,0
1729,Lando,II,Nueva Vizcaya,2015,TY,8,185,943,3,452287,94,190709,18,58,95,96,59,1132,26484,56432,7942,441,2,1553,383284000
1271,Maring,IV-A,Rizal,2013,TS,4,105,982,1,2717297,2298,266244,7,53,100,95,212,2568,77389,405765,14441,4374,4,1486,200944728.5
1526,Mario,I,Ilocos Sur,2014,TY,5,105,982,2,683337,263,197135,18,56,99,93,83,3267,20617,109119,5148,784,2,6472,146720000
1151,Pablo,X,Bukidnon,2012,TY,8,185,943,3,1344418,128,190000,49,68,101,92,108,1036,137253,86015,23140,703,11,6007,536564780
722,Basyang,III,Bulacan,2010,TY,4,120,995.9,2,2924433,1051,233003,7,55,100,92,198,1901,50758,574533,15760,4280,8,0,23781000
1402,Agaton,XIII,Agusan del Sur,2014,TD,4,55,1000,1,691574,69,167968,52,71,95,91,17,750,41649,23264,58319,1691,41,166,1299008000
1432,Glenda,NCR,Metro Manila,2014,TY,5,150,964.2,3,12666191,20445,370275,4,46,101,95,162,470,344593,2139922,41695,20797,4,0,0
1353,Yolanda (Haiyan),V,Albay,2013,TY,3,235,910,4,1281643,498,156965,39,67,100,87,110,1183,27636,140687,56108,18044,1,150,55618779.36
1167,Pablo,XIII,Surigao del Norte,2012,TY,8,185,943,3,459122,235,180000,42,64,100,91,59,717,15514,35475,31688,4235,2,961,23199660
1362,Yolanda (Haiyan),VI,Guimaras,2013,TY,3,235,910,4,169848,278,179929,23,58,99,85,59,1776,11361,14541,7160,334,7,301,1969642046
1269,Maring,IV-A,Laguna,2013,TS,4,105,982,1,2883346,1495,266244,7,51,99,95,212,2568,74704,475363,8230,3832,1,0,72755213
74,Caloy,V,Masbate,2006,TY,7,160,981,2,759871,184,125184,54,100,105,80,123,1115,23365,36420,84473,7097,31,8517,133959025.8
1110,Ofel,V,Camarines Sur,2012,TD,4,85,991,2,1873365,340,162000,41,72,101,86,110,1134,54906,165667,104087,16239,2,0,11328310
1619,Ruby,VIII,Southern Leyte,2014,TY,8,215,927,3,417127,232,163735,43,63,98,74,42,865,24831,45190,13705,1844,268,51,14943000
715,Santi,V,Camarines Sur,2009,TY,5,150,961.9,3,1778472,323,152000,48,76,104,81,114,1103,54677,173772,105342,16905,21,25055,42047000
1077,Helen,II,Cagayan,2012,TS,4,85,991,2,1154019,123,195000,20,57,101,95,92,1131,51232,145115,28657,3996,1,0,64328500
1455,Glenda,IV-B,Occidental Mindoro,2014,TY,5,150,964.2,3,480322,82,164121,37,70,96,86,21,882,12878,45085,32504,3567,4,5539,134404000
820,Falcon,IV-A,Rizal,2011,TS,5,195,979.9,0,2560028,2165,271818,7,54,100,94,240,2153,78120,389440,13841,4692,2,0,900600
306,Ineng,CAR,Kalinga,2007,TY,7,185,991,1,182326,56,200696,26,73,105,88,56,580,14083,16925,3342,295,2,0,0
433,Frank,XIII,Surigao del Norte,2008,TY,6,160,988,1,420223,215,137910,56,72,103,86,57,432,15418,35222,31365,4145,11,0,41538042.25
1542,Mario,IV-A,Cavite,2014,TY,5,105,982,2,3552458,2328,270555,3,50,100,95,211,2011,68042,558481,15687,4271,2,0,0
1032,Gener,III,Bataan,2012,TY,5,130,972,3,715864,521,259000,3,55,100,92,201,1907,11636,115327,9157,3142,4,60,2607426
1396,Agaton,XI,Compostela Valley,2014,TD,4,55,1000,1,726054,159,183197,37,61,94,85,50,1009,74182,43780,21373,1333,23,27,95396000
1143,Pablo,VI,Negros Occidental,2012,TY,8,185,943,3,2967451,371,202000,32,63,101,84,89,1790,189426,267424,123001,8881,2,3037,1787120
402,Frank,VI,Antique,2008,TY,6,160,988,3,525323,192,148641,47,79,105,83,86,1685,28453,42799,34472,3032,83,14483,1121185075
1690,Ineng,I,Ilocos Norte,2015,TY,6,180,964,3,593081,173,198464,11,55,99,93,86,2242,11518,100820,5383,1297,9,259,1213405000
123,Henry,II,Quirino,2006,TS,6,95,995.7,1,161372,70,142770,15,65,107,85,91,939,12897,17586,3724,405,3,17,7787072.5
987,Ramon,VII,Cebu,2011,TS,5,55,1001.4,0,4256434,797,200310,24,64,102,87,105,1742,297071,446517,76223,10364,4,0,0
1755,Nona,II,Nueva Vizcaya,2015,TY,7,150,963,0,452287,94,190709,18,58,95,96,59,1132,26484,56432,7942,441,11,0,2176000
226,Bebeng,XI,Compostela Valley,2007,TY,3,175,961,1,637366,142,144348,37,66,110,81,108,656,72761,37565,20416,1973,5,0,0
133,Milenyo,NCR,Metro Manila,2006,TY,5,130,963.9,3,11302020,18243,310860,5,50,96,94,222,20,360364,1944143,60504,42014,129,2033,165571933.2
945,Pedring,V,Camarines Norte,2011,TY,5,140,976.2,1,550764,242,158596,33,71,103,84,109,1145,11425,50292,37544,8739,9,0,12496384.9
1298,Nando,V,Sorsogon,2013,TS,4,105,982,2,771639,364,156965,40,71,99,87,110,1183,10797,62950,51570,21252,1,0,70000
1072,Gener,ARMM,Maguindanao,2012,TY,5,130,972,3,1313388,129,130000,64,82,101,72,37,441,71308,54813,113035,9608,2,0,0
243,Dodong,I,Ilocos Norte,2007,TS,2,75,994,1,547284,160,155630,17,60,102,91,118,1016,11958,97074,5049,1271,3,1,5658134.31
552,Feria,VI,Negros Occidental,2009,TS,4,75,993.6,1,2895105,362,159000,30,64,105,83,86,1732,190616,282616,122567,8905,1,0,4550000
7,Auring,VII,Cebu,2005,TS,4,105,1004.9,3,3702592,693,136066,32,71,102,84,108,1298,292438,384594,81778,14572,2,0,0
362,Mina,CAR,Abra,2007,TY,8,175,992.7,3,230953,55,200696,26,69,105,88,56,580,13514,30175,1614,194,1,13,88670000
1781,Nona,VIII,Samar,2015,TY,7,150,963,3,780481,129,164174,48,70,93,74,43,865,30045,40531,63907,5297,1,296,11928000
579,Jolina,IV-A,Rizal,2009,TS,4,75,991.5,0,2421173,2047,249000,9,57,100,94,236,2022,75786,422769,15542,3948,3,0,0
68,Caloy,IV-B,Palawan,2006,TY,7,160,981,1,871623,51,108946,35,88,109,83,64,686,44131,54197,126289,4125,7,53,664000
1527,Mario,I,La Union,2014,TY,5,105,982,2,777493,519,197135,22,56,100,93,83,3267,32940,117309,3475,544,4,1957,187228000
1259,Maring,I,Pangasinan,2013,TS,4,105,982,1,2884669,529,194908,21,62,102,93,81,1217,108372,396967,49305,9649,4,7,165500052.5
1363,Yolanda (Haiyan),VI,Iloilo,2013,TY,3,235,910,4,2321487,457,179929,26,60,99,85,59,1776,168698,203138,64677,4163,201,157429,5394980265
128,Henry,III,Zambales,2006,TS,6,95,995.7,1,706341,185,197640,24,64,104,90,201,1866,16458,120534,13883,2102,2,25,0
1299,Nando,VIII,Samar,2013,TS,4,105,982,2,761287,126,162988,46,73,99,74,42,865,29427,39822,64150,5348,1,10,0
170,Paeng,II,Isabela,2006,TY,5,195,981.7,4,1384623,106,142770,30,63,105,85,91,939,59679,198816,31811,2416,60,707,275765927.9
1087,Igme,IX,Zamboanga del Sur,2012,TY,8,165,1000.2,2,1808343,307,162000,32,66,101,86,65,711,134645,103459,102193,4065,3,0,0
739,Juan,II,Isabela,2010,TY,6,225,988.7,4,1489645,114,185551,27,56,104,90,91,1106,58760,239633,29429,2645,4,98014,2335684630
1700,Ineng,III,Zambales,2015,TY,6,180,964,0,823888,216,247164,16,59,95,92,168,1910,16719,130712,14164,2291,3,6,153000
561,Feria,VIII,Eastern Samar,2009,TS,4,75,993.6,1,420805,91,160000,56,79,108,74,74,845,20952,32136,32330,1960,2,1330,0
1607,Ruby,VI,Guimaras,2014,TY,8,215,927,3,172214,281,185161,23,57,97,84,61,1942,11392,14723,7178,331,2,0,0
162,Milenyo,VIII,Leyte,2006,TY,5,130,963.9,2,1704748,261,125731,38,76,106,74,79,813,90901,143369,108044,12439,6,771,125580033.7
731,Basyang,V,Camarines Sur,2010,TY,4,120,995.9,2,1822371,331,155263,46,74,104,83,109,1134,53886,181611,107249,17980,18,120,150000
618,Maring,NCR,Metro Manila,2009,TD,3,55,999.7,0,11752401,18970,356000,4,49,96,94,195,449,339984,2183588,36475,13938,1,0,0
858,Juaning,VIII,Eastern Samar,2011,STS,4,95,994.4,0,436274,94,163975,61,75,105,74,78,819,19674,29565,33359,2021,2,0,0
1591,Ruby,IV-A,Quezon,2014,TY,8,215,927,3,2094947,237,270555,28,63,98,95,211,2011,120750,269641,86182,31473,12,21,21126000
1357,Yolanda (Haiyan),V,Masbate,2013,TY,3,235,910,4,868831,210,156965,54,85,99,87,110,1183,28040,43997,81975,7298,9,8188,445564582
1775,Nona,V,Albay,2015,TY,7,150,963,3,1314826,511,158941,40,65,98,86,51,1174,27266,142173,56473,18265,12,657,76390000
392,Frank,IV-A,Rizal,2008,TY,6,160,988,3,2359137,1995,235161,6,58,100,94,232,2199,78325,399179,13530,4495,11,941,84973948.25
1794,Butchoy,III,Zambales,2016,TY,4,220,925,0,838264,220,247540,16,61,101,92,191,1917,16711,130392,14158,2288,1,9,0
794,Egay,III,Bataan,2011,TD,4,55,1003.1,0,701530,511,245658,2,55,101,92,199,1948,11671,113492,9219,3253,2,0,0
1750,Lando,CAR,Ifugao,2015,TY,8,185,943,3,202802,77,245161,23,61,94,91,23,677,16238,17089,4185,144,3,542,41840000
77,Caloy,VI,Antique,2006,TY,7,160,981,1,508976,186,129905,52,84,105,82,86,1604,25900,38644,36036,3094,1,15,18267000
1264,Maring,III,Pampanga,2013,TS,4,105,982,1,2498454,1210,239665,7,54,99,92,173,1897,33061,403932,13206,7647,5,423,153939669.1
609,Labuyo,VII,Negros Oriental,2009,TS,4,95,983.3,0,1268147,234,184000,33,66,104,87,106,1640,75866,91494,95726,9810,1,3,0
381,Frank,III,Aurora,2008,TY,6,160,988,3,192176,61,212922,22,74,107,92,197,1795,11453,22125,7329,572,2,0,64125630.82
462,Julian,II,Isabela,2008,TS,3,75,999,0,1430283,109,167237,29,60,105,86,87,1001,59953,220435,29232,2376,1,0,0
1340,Vinta,II,Isabela,2013,TY,3,130,972,2,1551155,118,187942,27,55,99,97,71,1135,59630,222491,29610,2448,1,0,0
625,Ondoy,I,Pangasinan,2009,TS,4,110,989.5,2,2734297,502,186000,22,65,106,92,121,642,108664,409864,48837,8567,9,0,147479500
788,Dodong,I,Pangasinan,2011,TS,2,65,1004.3,0,2814367,516,197814,21,63,106,92,119,1018,108093,385045,50241,10244,1,0,0
92,Florita,III,Tarlac,2006,TY,5,120,982.8,1,1216849,399,197640,18,65,104,90,201,1866,30611,190834,20346,4869,5,0,0
1558,Queenie,VI,Negros Occidental,2014,TS,3,85,997,1,3028264,378,185161,32,62,97,84,61,1942,189971,274975,122803,8916,1,400,0
1279,Maring,CAR,Mt. Province,2013,TS,4,105,982,1,154429,65,237662,24,64,99,91,55,706,7390,22819,1104,89,30,0,84839708.29
1730,Lando,II,Quirino,2015,TY,8,185,943,3,188991,81,190709,19,58,94,96,59,1132,13002,20667,3628,268,1,9947,580795000
289,Hannah,CAR,Abra,2007,TS,4,65,997.8,1,230953,55,200696,26,69,105,88,56,580,13514,30175,1614,194,1,0,0
1252,Labuyo,CAR,Benguet,2013,TY,3,175,914,2,763245,270,237662,24,51,96,91,55,706,13100,176348,1457,1106,4,0,47070482.05
1370,Yolanda (Haiyan),VIII,Eastern Samar,2013,TY,3,235,910,4,451453,98,162988,60,72,99,74,42,865,20289,30814,32928,1976,8305,61741,5387757078
892,Mina,III,Zambales,2011,TY,9,195,975.3,1,768806,202,245658,16,60,101,92,199,1948,16613,126635,14048,2214,13,11,0
496,Nina,CAR,Benguet,2008,TY,5,175,983.2,1,690145,244,209648,25,52,98,89,55,599,13748,183430,1470,1147,39,62,43529000
948,Pedring,V,Sorsogon,2011,TY,5,140,976.2,1,750902,354,158596,40,74,102,84,109,1145,10585,60491,51920,21070,1,17,29054560.11
151,Milenyo,V,Camarines Sur,2006,TY,5,130,963.9,3,1672724,303,125184,48,81,105,80,123,1115,54501,150824,102771,15494,19,73054,526198268
504,Quinta,XIII,Surigao del Norte,2008,TS,3,85,1003.5,1,420223,215,137910,56,72,103,86,57,432,15418,35222,31365,4145,1,0,0
1544,Mario,IV-A,Rizal,2014,TY,5,105,982,2,2799518,2367,270555,7,53,100,95,211,2011,76796,410575,14884,4250,3,7,0
55,Caloy,I,Ilocos Sur,2006,TY,7,160,981,1,627424,242,142358,21,63,102,90,123,978,21094,101012,5132,962,4,37,77660385
557,Feria,VIII,Biliran,2009,TS,4,75,993.6,1,157752,294,160000,39,77,105,74,74,845,8188,15458,8572,967,2,1323,26793000
638,Ondoy,III,Pampanga,2009,TS,4,110,989.5,2,2302752,1115,221000,7,58,102,92,198,1773,32259,415342,13645,5901,15,168,3124920275
718,Santi,NCR,Metro Manila,2009,TY,5,150,961.9,0,11752401,18970,356000,4,49,96,94,195,449,339984,2183588,36475,13938,2,0,0
1115,Ofel,VIII,Southern Leyte,2012,TD,4,85,991,2,408033,227,166000,43,64,101,74,77,819,24903,43716,13928,1840,2,0,15230962.2
1611,Ruby,VII,Cebu,2014,TY,8,215,927,3,4535374,849,199404,24,62,98,87,53,1779,297909,472786,75293,8925,1,3071,27597000
701,Pepeng,CAR,Abra,2009,TY,10,195,978.5,3,233466,56,219000,25,64,104,90,51,612,13528,31480,1749,152,2,968,613940577
958,Pedring,CAR,Ifugao,2011,TY,5,140,976.2,1,193367,74,243652,24,63,103,90,57,651,16082,16019,4298,166,21,1758,370852250
883,Mina,I,Ilocos Norte,2011,TY,9,195,975.3,1,572944,168,197814,11,57,101,92,119,1018,11833,97997,5436,1328,3,178,146905904
1707,Ineng,CAR,Mt. Province,2015,TY,6,180,964,1,154590,65,245161,23,62,94,91,23,677,7361,23099,1115,85,8,38,357846000
1371,Yolanda (Haiyan),VIII,Leyte,2013,TY,3,235,910,4,1893701,290,162988,38,67,99,74,42,865,96508,160646,104653,11348,22005,381810,57859911852
897,Mina,VIII,Biliran,2011,TY,9,195,975.3,1,163684,305,163975,31,73,102,74,78,819,7657,14285,9163,1036,1,3,800000
367,Cosme,I,La Union,2008,TS,7,105,993.7,3,727884,485,170138,28,62,104,91,121,992,33249,115992,3326,602,20,21859,173488100
1721,Lando,NCR,Metro Manila,2015,TY,8,185,943,2,12877253,20785,371967,4,45,102,95,160,470,343296,2146351,41053,20263,7,0,0
556,Feria,VII,Cebu,2009,TS,4,75,993.6,0,4059090,760,184000,27,66,103,87,106,1640,298130,488380,75086,8057,2,0,0
88,Florita,I,La Union,2006,TY,5,120,982.8,1,711611,475,142358,26,62,102,90,123,978,33977,107636,3501,811,6,64,3842826
1600,Ruby,V,Camarines Sur,2014,TY,8,215,927,3,1925786,349,158206,44,71,98,86,54,1164,54754,169648,104753,16599,7,3275,978425000
575,Isang,NCR,Metro Manila,2009,TS,5,95,983.3,0,11752401,18970,356000,4,49,96,94,195,449,339984,2183588,36475,13938,1,0,0
1369,Yolanda (Haiyan),VIII,Biliran,2013,TY,3,235,910,4,167601,313,162988,33,72,99,74,42,865,7904,14874,8906,999,126,20525,331603557.6
1595,Ruby,IV-B,Oriental Mindoro,2014,TY,8,215,927,3,832030,196,164121,32,66,98,86,21,882,24923,89257,42921,5772,1,0,55776000
174,Paeng,III,Aurora,2006,TY,5,195,981.7,4,185734,59,197640,31,77,107,90,201,1866,11034,19976,7627,612,10,4956,62409433.34
1549,Mario,V,Camarines Sur,2014,TY,5,105,982,2,1925786,349,158206,44,71,98,86,54,1164,54754,169648,104753,16599,2,1,0
459,Julian,I,Pangasinan,2008,TS,3,75,999,1,2689479,493,170138,24,66,105,91,121,992,108279,391882,49138,10042,9,0,0
59,Caloy,IV-A,Quezon,2006,TY,7,160,981,2,1852326,210,209749,34,73,105,92,259,2112,150238,269667,90783,66429,4,692,0
1464,Glenda,V,Sorsogon,2014,TY,5,150,964.2,3,782221,369,158206,40,70,98,86,54,1164,10827,63491,51628,21361,122,29213,4517558333
1554,Mario,CAR,Ifugao,2014,TY,5,105,982,2,200401,77,242328,24,62,96,91,54,647,16261,16994,4169,145,2,147,12051000
57,Caloy,I,La Union,2006,TY,7,160,981,1,711611,475,142358,26,62,102,90,123,978,33977,107636,3501,811,1,54,85869000
1409,Basyang,VII,Cebu,2014,TS,3,45,1004,2,4535374,849,199404,24,62,98,87,53,1779,297909,472786,75293,8925,6,361,0
1033,Gener,III,Bulacan,2012,TY,5,130,972,3,3066286,1102,259000,7,53,100,92,201,1907,53524,524468,13446,7392,5,12,37369159.1
1610,Ruby,VII,Bohol,2014,TY,8,215,927,3,1301660,273,199404,39,67,98,87,53,1779,74268,133441,39054,3191,1,0,0
499,Nina,CAR,Kalinga,2008,TY,5,175,983.2,2,188541,57,209648,25,70,105,89,55,599,13600,18348,3503,265,1,0,8300000
408,Frank,VII,Cebu,2008,TY,6,160,988,2,3953670,740,169677,28,68,103,87,107,1622,298864,454710,74043,9308,39,29897,102516275.6
1612,Ruby,VII,Negros Oriental,2014,TY,8,215,927,3,1341045,247,199404,43,62,98,87,53,1779,74502,88507,95673,10036,4,0,0
857,Juaning,VIII,Leyte,2011,STS,4,95,994.4,0,1823348,279,163975,38,69,103,74,78,819,94685,154985,105861,11711,1,0,0
957,Pedring,CAR,Benguet,2011,TY,5,140,976.2,1,735916,260,243652,24,50,99,90,57,651,13565,175025,1547,1271,10,50,45585675
766,Bebeng,VII,Cebu,2011,TS,6,85,997,0,4256434,797,200310,24,64,102,87,105,1742,297071,446517,76223,10364,1,0,0
1181,Quinta,VI,Iloilo,2012,TS,2,75,994,2,2290648,451,202000,26,61,101,84,89,1790,168072,199943,64659,4216,7,11892,461543454.4
895,Mina,VI,Iloilo,2011,TY,9,195,975.3,1,2260220,445,186509,26,61,102,84,87,1766,167039,196025,64858,4349,1,3,0
698,Pepeng,CAR,Kalinga,2009,TY,10,195,978.5,3,194967,59,219000,25,68,106,90,51,612,13133,19891,3671,239,3,1063,516121310
483,Nina,I,Ilocos Sur,2008,TY,5,175,983.2,2,641510,247,170138,19,61,102,91,121,992,20628,107927,4856,804,1,0,8000735
770,Bebeng,VIII,Northern Samar,2011,TS,6,85,997,1,597442,162,163975,51,80,103,74,78,819,13113,27620,56853,8716,7,1373,28060000
106,Florita,NCR,Metro Manila,2006,TY,5,120,982.8,0,11302020,18243,310860,5,50,96,94,222,20,360364,1944143,60504,42014,1,0,0
1343,Yolanda (Haiyan),IV-A,Batangas,2013,TY,3,235,910,4,2562781,823,266244,18,56,100,95,212,2568,57420,396423,16919,4441,2,798,53026834
1447,Glenda,III,Zambales,2014,TY,5,150,964.2,3,809758,212,244331,16,59,97,92,167,1923,16704,130485,14102,2261,28,1085,10067000
1069,Gener,CAR,Ifugao,2012,TY,5,130,972,3,195684,75,257000,23,63,101,91,55,704,16227,16429,4191,156,2,5,15750000
974,Quiel,III,Bataan,2011,TY,5,160,974.4,0,701530,511,245658,2,55,101,92,199,1948,11671,113492,9219,3253,12,1,0
401,Frank,VI,Aklan,2008,TY,6,160,988,3,508302,289,148641,44,67,104,83,86,1685,6108,42783,45762,11699,48,58792,1828223055
510,Crising,X,Bukidnon,2009,TD,3,55,1007.4,0,1261825,120,165000,46,70,108,87,109,1035,139579,92681,24823,608,1,15,0
179,Paeng,CAR,Kalinga,2006,TY,5,195,981.7,3,181116,55,192126,26,74,105,88,57,564,13749,16054,3622,330,11,67,50860000
717,Santi,V,Catanduanes,2009,TY,5,150,961.9,3,241700,162,152000,29,80,105,81,114,1103,9744,25447,10947,1791,2,0,2431000
91,Florita,I,Pangasinan,2006,TY,5,120,982.8,1,2614120,480,142358,29,68,103,90,123,978,107522,359753,51613,11848,6,0,16000103
855,Juaning,VI,Iloilo,2011,STS,4,95,994.4,0,2260220,445,186509,26,61,102,84,87,1766,167039,196025,64858,4349,29,0,0
144,Milenyo,IV-A,Batangas,2006,TY,5,130,963.9,3,2193729,704,209749,14,63,101,92,259,2112,60022,358539,16403,5344,22,5220,155960000
622,Nando,IV-A,Cavite,2009,TS,2,65,995.6,0,3010661,1973,249000,3,54,97,94,236,2022,67688,574033,15593,3702,5,1,0
1880,Nina,IV-A,Quezon,2016,TY,5,185,986.6,1,2151084,244,273489,28,68,102,95,231,2150,119674,267613,86083,32713,2,33132,123416000
525,Emong,III,Zambales,2009,TY,4,150,995.1,3,743678,195,221000,17,61,103,92,198,1773,16768,132633,14198,2310,1,0,33820426
1224,Gorio,IV-A,Quezon,2013,TS,4,85,991,2,2067430,234,266244,29,64,99,95,212,2568,127172,273750,86807,39586,4,46,0
63,Caloy,IV-A,Batangas,2006,TY,7,160,981,2,2193729,704,209749,14,63,101,92,259,2112,60022,358539,16403,5344,23,6849,2310405002
1454,Glenda,IV-B,Marinduque,2014,TY,5,150,964.2,3,233167,245,164121,33,70,100,86,21,882,11785,30221,7752,693,9,1061,212158000
97,Florita,IV-A,Rizal,2006,TY,5,120,982.8,1,2203052,1863,209749,3,60,100,92,259,2112,80425,355231,12039,5408,5,13,350000
1545,Mario,IV-A,Quezon,2014,TY,5,105,982,2,2094947,237,270555,28,63,98,95,211,2011,120750,269641,86182,31473,1,0,0
1865,Lawin,CAR,Mt. Province,2016,STY,4,225,970.1,4,154671,65,245538,23,69,103,91,52,662,7358,23033,1118,89,1,1914,1146688167
709,Santi,IV-A,Laguna,2009,TY,5,150,961.9,3,2602735,1350,249000,8,54,98,94,236,2022,73275,494718,8291,2638,20,14734,171954025
569,Isang,I,Ilocos Norte,2009,TS,5,95,983.3,2,561020,164,186000,15,58,101,92,121,642,11365,102144,5349,1280,1,0,38778071.49
1560,Queenie,VII,Cebu,2014,TS,3,85,997,1,4535374,849,199404,24,62,98,87,53,1779,297909,472786,75293,8925,3,91,0
219,Seniang,VIII,Eastern Samar,2006,TY,6,130,992.8,3,400794,87,125731,51,85,108,74,79,813,18372,26927,34380,2080,10,970,61400000
764,Bebeng,V,Sorsogon,2011,TS,6,85,997,2,750902,354,158596,40,74,102,84,109,1145,10585,60491,51920,21070,2,6596,122132688
490,Nina,V,Camarines Norte,2008,TY,5,175,983.2,1,523317,230,142477,42,76,105,80,116,1123,11340,51400,37632,8773,5,0,0
1195,Auring,IV-B,Palawan,2013,TS,2,65,997,1,1059091,62,159497,29,72,98,87,64,782,42208,58836,119632,4529,14,179,0
946,Pedring,V,Camarines Sur,2011,TY,5,140,976.2,1,1847692,335,158596,43,73,102,84,109,1145,54600,162426,104064,16214,2,792,302494075
410,Frank,VI,Negros Occidental,2008,TY,6,160,988,2,2882408,360,148641,30,63,106,83,86,1685,189969,267643,122803,8607,5,0,41538042.25
248,Dodong,III,Pampanga,2007,TS,2,75,994,1,2229349,1080,205139,4,61,103,91,201,1811,34274,385755,11916,10993,6,10,131620000
153,Milenyo,V,Masbate,2006,TY,5,130,963.9,3,759871,184,125184,54,100,105,80,123,1115,23365,36420,84473,7097,1,3207,1170000
984,Ramon,VI,Capiz,2011,TS,5,55,1001.4,0,727838,281,186509,28,60,102,84,87,1766,53540,57423,33464,2216,1,0,0
287,Hannah,CAR,Ifugao,2007,TS,4,65,997.8,1,180815,69,200696,26,68,108,88,56,580,16478,15369,4014,171,10,2,0
1042,Gener,IV-B,Occidental Mindoro,2012,TY,5,130,972,3,466446,80,179000,38,71,101,86,67,795,12839,44054,32383,3549,1,719,108145233.2
1037,Gener,III,Zambales,2012,TY,5,130,972,3,782221,205,259000,16,60,100,92,201,1907,16639,128478,13969,2192,1,36,312409.8
143,Milenyo,IV-A,Cavite,2006,TY,5,130,963.9,3,2726986,1787,209749,2,58,97,92,259,2112,68892,486804,16204,6325,53,61873,856220453
642,Ondoy,IV-A,Rizal,2009,TS,4,110,989.5,2,2421173,2047,249000,9,57,100,94,236,2022,75786,422769,15542,3948,249,78313,1083433326
1773,Nona,IV-B,Occidental Mindoro,2015,TY,7,150,963,3,487414,83,166983,37,69,93,86,23,832,12853,45225,32534,3582,2,1011,7260000
661,Ondoy,NCR,Metro Manila,2009,TS,4,110,989.5,1,11752401,18970,356000,4,49,96,94,195,449,339984,2183588,36475,13938,635,91980,1166036814
134,Milenyo,III,Bataan,2006,TY,5,130,963.9,3,646104,471,197640,1,59,102,90,201,1866,11895,107030,9107,3862,1,2873,16894585.71
1142,Pablo,VII,Cebu,2012,TY,8,185,943,3,4347454,814,209000,23,63,101,87,105,1764,297843,456838,75297,9662,12,2612,15664555
1003,Sendong,X,Lanao del Norte,2011,TS,4,75,995.8,2,947759,227,181272,48,74,101,91,108,1063,66112,65025,31643,2515,1651,18819,682725278
520,Emong,III,Nueva Ecija,2009,TY,4,150,997.5,2,1917470,337,221000,30,59,103,92,198,1773,58496,319839,36111,6076,4,0,59359498
387,Frank,III,Zambales,2008,TY,6,160,988,3,731924,192,212922,19,63,104,92,197,1795,16614,129123,13729,2086,1,9,71225630.82
644,Ondoy,IV-A,Quezon,2009,TS,4,110,989.5,2,1951695,221,249000,30,68,104,94,236,2022,110331,267050,84976,16383,9,55,30363550
450,Helen,I,Ilocos Norte,2008,TY,5,120,997,1,554110,162,170138,16,59,102,91,121,992,11658,99577,5197,1276,3,0,0
1486,Luis,I,Pangasinan,2014,TY,4,130,972,3,2920475,536,197135,21,61,100,93,83,3267,108451,400680,49282,9296,3,179,128364000
988,Ramon,VII,Bohol,2011,TS,5,55,1001.4,0,1266603,265,200310,39,68,102,87,105,1742,74570,127623,39045,3315,1,0,0
1341,Vinta,CAR,Abra,2013,TY,3,130,972,1,238568,57,237662,24,62,99,91,55,706,13528,30896,1728,168,2,0,0
1185,Quinta,VI,Guimaras,2012,TS,2,75,994,2,167514,274,202000,25,58,101,84,89,1790,11261,14288,7180,344,3,0,5000000
383,Frank,III,Bulacan,2008,TY,6,160,988,3,2855885,1026,212922,7,59,101,92,197,1795,53710,524935,12970,7399,4,0,64125630.82
699,Pepeng,CAR,Benguet,2009,TY,10,195,978.5,2,706196,250,219000,25,51,99,90,51,612,11748,168316,1376,688,450,1841,1419126269
1662,Amang,VIII,Eastern Samar,2015,STS,6,100,984,2,467160,101,164174,61,69,93,74,43,865,20554,31344,32665,1981,1,0,4362000
742,Juan,III,Aurora,2010,TY,6,225,988.7,3,201233,64,233003,22,68,106,92,198,1901,11543,24335,7425,590,2,9,52934314.86
613,Maring,III,Pampanga,2009,TD,3,55,999.7,1,2302752,1115,221000,7,58,102,92,198,1773,32259,415342,13645,5901,4,0,57793800
763,Bebeng,V,Masbate,2011,TS,6,85,997,1,845892,204,158596,53,87,102,84,109,1145,26534,41632,82740,7318,2,11,66146650
193,Reming,IV-B,Occidental Mindoro,2006,TY,6,195,964,3,415726,71,108946,43,76,109,83,64,686,12408,40170,32056,3595,7,1536,279962678
196,Reming,IV-B,Marinduque,2006,TY,6,195,964,4,227846,239,108946,41,83,102,83,64,686,11861,27781,8184,777,88,4959,109427590
936,Pedring,IV-A,Cavite,2011,TY,5,140,976.2,3,3200176,2097,271818,3,52,98,94,240,2153,68301,530999,15902,5052,1,361,19543379.2
369,Cosme,III,Zambales,2008,TS,7,105,993.7,3,731924,192,212922,19,63,104,92,197,1795,16614,129123,13729,2086,14,16691,174572996
35,Quedan,IV-B,Oriental Mindoro,2005,TD,3,55,1002.8,1,719933,170,106927,47,84,104,83,57,753,22644,73527,43985,6700,1,59,253036000
935,Pedring,IV-A,Batangas,2011,TY,5,140,976.2,3,2437650,783,271818,18,57,101,94,240,2153,58261,384080,16896,4729,2,90,6484012
1459,Glenda,V,Albay,2014,TY,5,150,964.2,3,1298128,504,158206,39,66,99,86,54,1164,27397,141787,56338,18184,127,24695,2332872333
1053,Gener,VI,Capiz,2012,TY,5,130,972,3,736083,284,202000,28,59,101,84,89,1790,54057,58838,33129,2139,1,0,10736129.6
852,Juaning,V,Catanduanes,2011,STS,4,95,994.4,1,249165,167,158596,32,76,103,84,109,1145,10087,23836,10791,1696,11,0,67568728.11
366,Cosme,I,Pangasinan,2008,TS,7,105,993.7,3,2689479,493,170138,24,66,105,91,121,992,108279,391882,49138,10042,55,153481,4195895264
1588,Ruby,IV-A,Batangas,2014,TY,8,215,927,3,2627735,844,270555,18,55,99,95,211,2011,57159,399938,17132,4343,2,0,17612000
1351,Yolanda (Haiyan),IV-B,Palawan,2013,TY,3,235,910,4,1059091,62,159497,29,72,98,87,64,782,42208,58836,119632,4529,104,18761,703885673.4
976,Quiel,CAR,Benguet,2011,TY,5,160,974.4,0,735916,260,243652,24,50,99,90,57,651,13565,175025,1547,1271,1,88,0
249,Dodong,III,Zambales,2007,TS,2,75,994,1,720355,189,205139,21,64,104,91,201,1811,16461,125706,13276,1883,2,33,130900
353,Mina,V,Camarines Sur,2007,TY,8,175,992.7,3,1693821,308,133551,48,81,105,80,117,1107,56294,159095,101628,14945,7,0,0
90,Florita,I,Ilocos Norte,2006,TY,5,120,982.8,2,542437,159,142358,18,60,102,90,123,978,12295,93790,5508,1373,13,5884,59155244.75
777,Chedeng,V,Camarines Norte,2011,TY,6,195,958.2,2,550764,242,158596,33,71,103,84,109,1145,11425,50292,37544,8739,1,0,0
192,Reming,IV-B,Oriental Mindoro,2006,TY,6,195,964,3,727808,172,108946,44,85,105,83,64,686,23307,77776,42983,6350,27,19721,73749999
1171,Quinta,IV-B,Palawan,2012,TS,2,75,994,2,1037052,61,179000,26,72,101,86,67,795,42482,58173,120583,4471,1,0,0
1074,Helen,I,Ilocos Sur,2012,TS,4,85,991,2,670848,258,204000,17,57,100,93,119,1021,20700,107462,5072,820,13,1,13575685.22
1471,Glenda,VIII,Biliran,2014,TY,5,150,964.2,3,169595,316,163735,32,72,98,74,42,865,7990,15032,8806,992,25,0,12848666.67
1236,Labuyo,II,Nueva Vizcaya,2013,TY,3,175,914,2,439651,91,187942,17,58,99,97,71,1135,26701,55793,7750,443,1,852,171896625
1863,Lawin,CAR,Ifugao,2016,STY,4,225,970.1,4,205232,78,245538,23,65,103,91,52,662,16224,17010,4195,146,2,1050,268000166.7
1712,Kabayan,I,Pangasinan,2015,STS,3,95,985,2,2956726,542,198464,21,61,98,93,86,2242,108480,402146,49306,9171,8,0,21682000
1749,Lando,CAR,Benguet,2015,TY,8,185,943,3,791590,280,245161,23,51,93,91,23,677,12410,170589,1433,942,26,989,276184000
1691,Ineng,I,Ilocos Sur,2015,TY,6,180,964,1,689668,266,198464,18,56,98,93,86,2242,20615,109317,5196,781,5,115,601003000
405,Frank,VI,Iloilo,2008,TY,6,160,988,3,2149727,424,148641,25,60,104,83,86,1685,168798,199893,64107,4065,886,84219,1570873212
1436,Glenda,NCR,Metro Manila,2014,TY,5,150,964.2,3,12666191,20445,370275,4,46,101,95,162,470,344593,2139922,41695,20797,3,80,0
1660,Amang,V,Catanduanes,2015,STS,6,100,984,2,260964,175,158941,32,72,95,86,51,1174,9855,24943,10906,1763,1,7,20633000
1275,Maring,CAR,Abra,2013,TS,4,105,982,1,238568,57,237662,24,62,99,91,55,706,13528,30896,1728,168,1,7,42296552
329,Lando,VIII,Leyte,2007,TY,10,130,998.3,1,1724240,264,136249,38,75,106,74,72,835,93312,151327,105931,11943,2,1,3253973.75
40,Quedan,V,Albay,2005,TD,3,55,1002.8,0,1158841,450,119539,36,78,104,80,124,1096,24996,119425,59344,19615,1,0,0
1594,Ruby,IV-B,Occidental Mindoro,2014,TY,8,215,927,3,480322,82,164121,37,70,96,86,21,882,12878,45085,32504,3567,4,0,0
332,Lando,X,Lanao del Norte,2007,TY,10,130,998.3,0,846329,203,149127,42,76,102,85,108,948,66584,62527,32312,2748,1,30,103000000
725,Basyang,IV-A,Batangas,2010,TY,4,120,995.9,2,2377395,763,260159,18,58,101,94,234,2086,55275,427132,18291,3692,28,1240,15000000
56,Caloy,I,Ilocos Norte,2006,TY,7,160,981,1,542437,159,142358,18,60,102,90,123,978,12295,93790,5508,1373,10,3,955850
1469,Glenda,VIII,Northern Samar,2014,TY,5,150,964.2,3,623458,169,163735,51,76,97,74,42,865,14001,29585,56350,8564,98,46372,166138666.7
1704,Ineng,CAR,Abra,2015,TY,6,180,964,1,241160,57,245161,23,62,96,91,23,677,13531,31049,1759,163,2,5,810006000
708,Santi,IV-A,Cavite,2009,TY,5,150,961.9,3,3010661,1973,249000,3,54,97,94,236,2022,67688,574033,15593,3702,1,846,178216619
747,Juan,III,Tarlac,2010,TY,6,225,988.7,2,1273240,418,233003,17,59,103,92,198,1901,29867,225479,17437,2592,2,130,659883059.9
469,Karen,I,La Union,2008,TY,5,140,988.7,2,727884,485,170138,28,62,104,91,121,992,33249,115992,3326,602,2,9,7176186
1608,Ruby,VI,Iloilo,2014,TY,8,215,927,3,2352741,464,185161,26,60,98,84,61,1942,168836,205423,64942,4192,10,1321,122387000
902,Mina,CAR,Mt. Province,2011,TY,9,195,975.3,1,154268,65,243652,24,65,103,90,57,651,7330,22227,1141,124,1,128,92789000
421,Frank,X,Misamis Oriental,2008,TY,6,160,988,0,1339508,378,156863,30,69,105,86,109,1028,105014,132254,36766,3061,2,0,42388042.25
1366,Yolanda (Haiyan),VII,Cebu,2013,TY,3,235,910,4,4440420,831,196323,25,63,99,87,50,1751,298151,465725,74968,9186,426,109195,5677349597
780,Chedeng,V,Catanduanes,2011,TY,6,195,958.2,2,249165,167,158596,32,76,103,84,109,1145,10087,23836,10791,1696,1,0,0
505,Tonyo,XII,South Cotabato,2008,TD,4,55,1003.3,1,1319236,308,139277,32,66,106,78,103,957,79322,145401,57619,2457,5,1,200000
1156,Pablo,XI,Compostela Valley,2012,TY,8,185,943,3,706357,155,194000,37,62,102,85,108,1053,73518,41809,21314,1491,1567,95054,17841421185
1460,Glenda,V,Camarines Norte,2014,TY,5,150,964.2,3,575000,252,158206,33,69,98,86,54,1164,11302,52613,37715,9065,2,12786,363136333.3
733,Juan,NCR,Metro Manila,2010,TY,6,225,988.7,1,11855975,19137,363507,4,48,96,95,183,456,328025,2269046,29208,8095,1,0,0
1140,Pablo,VI,Capiz,2012,TY,8,185,943,3,736083,284,202000,28,59,101,84,89,1790,54057,58838,33129,2139,1,0,0
1021,Ferdie,IV-A,Laguna,2012,TD,2,150,950,1,2810347,1457,284000,6,51,99,95,242,2166,75062,467557,8246,4164,1,0,0
640,Ondoy,IV-A,Batangas,2009,TS,4,110,989.5,1,2332719,749,249000,17,60,101,94,236,2022,56485,409118,17361,4092,11,2101,152756536
1615,Ruby,VIII,Eastern Samar,2014,TY,8,215,927,3,459239,99,163735,61,70,96,74,42,865,20479,31193,32739,1978,276,79590,850965000
553,Feria,VI,Aklan,2009,TS,4,75,993.6,1,521834,296,159000,45,64,103,83,86,1732,6883,45616,46312,11762,2,0,325000
1095,Lawin,IX,Zamboanga del Norte,2012,TY,9,215,927,3,979009,134,162000,54,68,101,86,65,711,52150,42180,91571,3877,3,0,0
1766,Nona,IV-A,Quezon,2015,TY,7,150,963,0,2122830,241,273155,28,62,96,95,208,2290,118339,267533,85925,30380,5,836,205870000
807,Falcon,NCR,Metro Manila,2011,TS,5,195,979.9,0,12053536,19456,371173,4,47,97,95,184,465,350258,2064904,48829,28680,1,22,0
1603,Ruby,V,Sorsogon,2014,TY,8,215,927,3,782221,369,158206,40,70,98,86,54,1164,10827,63491,51628,21361,6,7346,13681000
995,Sendong,V,Camarines Sur,2011,TS,4,75,995.8,0,1847692,335,158596,43,73,102,84,109,1145,54600,162426,104064,16214,2,0,384715
1387,Yolanda (Haiyan),XIII,surigao del Sur,2013,TY,3,235,910,4,579637,118,164175,44,67,99,92,18,733,25647,23109,56825,3715,1,123,80067000
1561,Queenie,VII,Negros Oriental,2014,TS,3,85,997,1,1341045,247,199404,43,62,98,87,53,1779,74502,88507,95673,10036,6,104,0
527,Emong,III,Bataan,2009,TY,4,150,995.1,2,678933,494,221000,2,57,102,92,198,1773,11447,119838,9319,2613,1,0,0
1489,Luis,II,Isabela,2014,TY,4,130,972,3,1572217,120,189678,26,55,98,95,58,1128,59476,224336,29690,2481,1,5,69319000
582,Jolina,VI,Iloilo,2009,TS,4,75,991.5,1,2189591,431,159000,27,61,103,83,86,1732,169734,210941,65147,4141,9,133,72637667
566,Gorio,CAR,Ifugao,2009,TD,2,55,999.7,0,187594,72,219000,25,65,107,90,51,612,16322,17559,4125,133,1,0,0
906,Pedring,NCR,Metro Manila,2011,TY,5,140,976.2,0,12053536,19456,371173,4,47,97,95,184,465,350258,2064904,48829,28680,4,0,0
160,Milenyo,VIII,Northern Samar,2006,TY,5,130,963.9,1,542457,147,125731,53,91,106,74,79,813,11649,24424,57655,8987,8,15758,156788256
1105,Ofel,IV-B,Marinduque,2012,TD,4,85,991,2,230482,242,179000,33,71,101,86,67,795,11854,29717,7822,705,6,5,54999970
1777,Nona,V,Sorsogon,2015,TY,7,150,963,3,792949,374,158941,40,69,96,86,51,1174,10834,63678,51670,21409,8,87658,302344000
404,Frank,VI,Guimaras,2008,TY,6,160,988,2,155043,253,148641,22,62,107,83,86,1685,11354,14279,7108,336,55,643,975858055.4
1451,Glenda,IV-A,Laguna,2014,TY,5,150,964.2,3,2958241,1534,270555,7,50,100,95,211,2011,74153,481146,8279,3472,210,63060,4531210000
188,Reming,IV-A,Quezon,2006,TY,6,195,964,4,1852326,210,209749,34,73,105,92,259,2112,150238,269667,90783,66429,80,15787,97527549
96,Florita,III,Bataan,2006,TY,5,120,982.8,0,646104,471,197640,1,59,102,90,201,1866,11895,107030,9107,3862,1,0,0
1654,Seniang,XIII,Surigao del Sur,2014,TS,4,65,997,,585909,119,167968,42,66,96,91,17,750,25780,23415,56900,3726,2,455,31906000
597,Kiko,III,Tarlac,2009,TY,7,175,967.6,1,1263231,415,221000,18,61,103,92,198,1773,29995,216667,18046,3132,3,2,89549096
199,Reming,V,Camarines Norte,2006,TY,6,195,964,4,507389,223,125184,41,79,105,80,123,1115,11616,46546,37271,8194,2,15436,84828528.17
471,Karen,I,Ilocos Sur,2008,TY,5,140,988.7,2,641510,247,170138,19,61,102,91,121,992,20628,107927,4856,804,4,41,78743647
616,Maring,IV-A,Laguna,2009,TD,3,55,999.7,0,2602735,1350,249000,8,54,98,94,236,2022,73275,494718,8291,2638,2,1,0
727,Basyang,IV-A,Laguna,2010,TY,4,120,995.9,2,2669847,1385,260159,8,53,98,94,234,2086,71018,524180,8475,1750,28,10052,43978410
1154,Pablo,X,Misamis Occidental,2012,TY,8,185,943,3,581192,290,190000,43,61,101,92,108,1036,43184,40065,29871,2443,3,219,76856543
1071,Gener,CAR,Mt. Province,2012,TY,5,130,972,3,154348,65,257000,23,64,101,91,55,704,7374,22551,1114,101,2,59,7603800
380,Frank,I,La Union,2008,TY,6,160,988,3,727884,485,170138,28,62,104,91,121,992,33249,115992,3326,602,23,0,54198542.25
1160,Pablo,XII,Cotabato,2012,TY,8,185,943,3,1285648,138,163000,44,64,101,82,105,1017,104732,78972,60797,1776,1,0,33081342
790,Dodong,IV-A,Quezon,2011,TS,2,65,1004.3,0,2013477,228,271818,28,65,102,94,240,2153,131288,268957,87894,44360,1,0,0
423,Frank,XI,Davao Oriental,2008,TY,6,160,988,0,496390,87,154796,53,73,108,82,107,703,28928,23319,47522,2453,2,0,41538042.25
849,Juaning,V,Albay,2011,STS,4,95,994.4,1,1249297,485,158596,40,68,102,84,109,1145,27175,135918,56678,18308,31,0,2132539844
1798,Butchoy,NCR,Metro Manila,2016,TY,4,220,925,0,13091832,21132,372165,4,48,98,95,186,470,343848,2140145,41815,21317,1,0,0
517,Emong,I,La Union,2009,TY,4,150,997.5,3,734861,490,186000,29,62,106,92,121,642,32679,119392,3489,467,9,15267,109297677
1886,Nina,V,Albay,2016,TY,5,185,986.6,0,1331738,517,159028,40,71,102,86,103,1169,27254,141689,56497,18273,4,63483,854560500
737,Juan,I,Pangasinan,2010,TY,6,225,988.7,2,2779862,510,191816,22,63,108,92,123,807,109050,428672,48537,7308,20,9473,2432487901
1059,Gener,IX,Zamboanga del Sur,2012,TY,5,130,972,3,1808343,307,162000,32,66,101,86,65,711,134645,103459,102193,4065,4,0,0
1738,Lando,IV-A,Cavite,2015,TY,8,185,943,1,3678301,2410,273155,3,49,101,95,208,2290,67869,560556,15697,4204,1,0,6394000
514,Dante,V,Catanduanes,2009,TY,5,140,991.8,2,241700,162,152000,29,80,105,81,114,1103,9744,25447,10947,1791,5,1711,78240164
757,Bebeng,III,Bulacan,2011,TS,6,85,997,1,2994520,1076,245658,7,54,100,92,199,1948,53814,515412,13414,7696,1,41,0
1727,Lando,II,Cagayan,2015,TY,8,185,943,2,1199320,128,190709,22,56,97,96,59,1132,51508,149516,28357,3991,1,28,955696000
1646,Seniang,X,Misamis Oriental,2014,TS,4,65,997,2,1533559,433,180380,25,63,96,92,65,1085,105878,137650,37896,2942,1,266,134335000
1147,Pablo,VIII,Southern Leyte,2012,TY,8,185,943,3,408033,227,166000,43,64,101,74,77,819,24903,43716,13928,1840,2,0,0
872,Kabayan,III,Pampanga,2011,TY,9,175,970,0,2391911,1159,245658,7,56,101,92,199,1948,33878,392321,13189,8499,1,0,0
825,Falcon,CAR,Benguet,2011,TS,5,195,979.9,0,735916,260,243652,24,50,99,90,57,651,13565,175025,1547,1271,1,0,0
1346,Yolanda (Haiyan),IV-A,Quezon,2013,TY,3,235,910,4,2067430,234,266244,29,64,99,95,212,2568,127172,273750,86807,39586,5,4,11816300
847,Juaning,IV-B,Romblon,2011,STS,4,95,994.4,0,285679,186,165314,41,74,102,86,66,706,8497,25688,21211,3338,1,0,0
352,Mina,V,Camarines Norte,2007,TY,8,175,992.7,3,513785,221,133551,41,79,105,80,117,1107,11447,48965,37449,8300,1,0,0
1650,Seniang,XIII,Agusan del Norte,2014,TS,4,65,997,,681397,199,167968,39,67,96,91,17,750,39362,39972,42626,3312,3,3,17393000
185,Queenie,III,Aurora,2006,TY,5,195,999.3,4,185734,59,197640,31,77,107,90,201,1866,11034,19976,7627,612,10,1737,7500000
1358,Yolanda (Haiyan),V,Sorsogon,2013,TY,3,235,910,4,771639,364,156965,40,71,99,87,110,1183,10797,62950,51570,21252,6,2422,46459735
214,Seniang,VI,Antique,2006,TY,6,130,992.8,3,508976,186,129905,52,84,105,82,86,1604,25900,38644,36036,3094,2,736,35918000
1180,Quinta,V,Catanduanes,2012,TS,2,75,994,2,252064,169,162000,34,75,101,86,110,1134,10074,24284,10760,1712,1,0,0
1444,Glenda,III,Bulacan,2014,TY,5,150,964.2,3,3215020,1155,244331,7,52,99,92,167,1923,52872,536706,13916,6569,11,221,58610000
6,Auring,XIII,Surigao del Norte,2005,TS,4,105,1004.9,1,399146,204,107901,51,76,103,83,54,514,14999,30912,34629,4529,16,0,0
930,Pedring,III,Bulacan,2011,TY,5,140,976.2,3,2994520,1076,245658,7,54,100,92,199,1948,53814,515412,13414,7696,28,3306,2829823867
206,Seniang,IV-B,Romblon,2006,TY,6,130,992.8,3,277518,181,108946,46,88,104,83,64,686,7619,23653,22007,3451,3,8655,11965000
810,Falcon,NCR,Metro Manila,2011,TS,5,195,979.9,0,12053536,19456,371173,4,47,97,95,184,465,350258,2064904,48829,28680,2,0,0
1187,Quinta,VIII,Leyte,2012,TS,2,75,994,2,1858192,284,166000,39,68,101,74,77,819,95707,158178,105137,11504,1,13,0
728,Basyang,IV-A,Quezon,2010,TY,4,120,995.9,2,1987030,225,260159,29,66,104,94,234,2086,90029,252631,82315,7058,28,1897,149795000
350,Mina,IV-B,Palawan,2007,TY,8,175,992.7,1,892660,52,118726,34,89,109,84,60,682,46503,59177,126456,4001,2,0,0
247,Dodong,III,Bulacan,2007,TS,2,75,994,1,2822216,1009,205139,7,61,101,91,201,1811,55249,501766,11766,9729,4,119,177680000
886,Mina,I,Pangasinan,2011,TY,9,195,975.3,1,2814367,516,197814,21,63,106,92,119,1018,108093,385045,50241,10244,3,23,161985231.1
1706,Ineng,CAR,Kalinga,2015,TY,6,180,964,1,212680,65,245161,23,63,93,91,23,677,13232,19329,3671,255,1,164,197320000
1695,Ineng,II,Batanes,2015,TY,6,180,964,3,17246,85,190709,27,60,95,96,59,1132,185,3485,186,280,2,203,7578000
1589,Ruby,IV-A,Cavite,2014,TY,8,215,927,3,3552458,2328,270555,3,50,100,95,211,2011,68042,558481,15687,4271,1,0,561000
1651,Seniang,XIII,Agusan del Sur,2014,TS,4,65,997,,691574,69,167968,52,71,95,91,17,750,41649,23264,58319,1691,3,18,156186000
797,Egay,III,Zambales,2011,TD,4,55,1003.1,0,768806,202,245658,16,60,101,92,199,1948,16613,126635,14048,2214,1,0,0
518,Emong,I,Pangasinan,2009,TY,4,150,997.5,3,2734297,502,186000,22,65,106,92,121,642,108664,409864,48837,8567,65,40525,701315163
16,Labuyo,I,Ilocos Norte,2005,TY,5,95,998.9,2,537632,157,135955,19,61,102,90,124,915,12641,90617,6008,1484,3,17002,51959000
1354,Yolanda (Haiyan),V,Camarines Norte,2013,TY,3,235,910,4,566805,249,156965,35,70,100,87,110,1183,11323,52092,37677,8956,1,0,14495726
1884,Nina,IV-B,Oriental Mindoro,2016,TY,5,185,986.6,1,856262,202,167400,31,73,102,87,56,857,24921,89293,42996,5782,4,11708,713306000
314,Kabayan,CAR,Kalinga,2007,TY,5,120,996.8,3,182326,56,200696,26,73,105,88,56,580,14083,16925,3342,295,2,151,104613309
1212,Crising,X,Lanao del Norte,2013,TD,3,45,1004,1,982740,236,177304,48,73,100,94,106,1085,67648,66865,34495,2599,4,0,0
815,Falcon,III,Pampanga,2011,TS,5,195,979.9,1,2391911,1159,245658,7,56,101,92,199,1948,33878,392321,13189,8499,4,14,154242657
711,Santi,IV-A,Rizal,2009,TY,5,150,961.9,3,2421173,2047,249000,9,57,100,94,236,2022,75786,422769,15542,3948,2,3561,7718825
813,Falcon,III,Bulacan,2011,TS,5,195,979.9,1,2994520,1076,245658,7,54,100,92,199,1948,53814,515412,13414,7696,2,94,151056771
1005,Sendong,X,Misamis Oriental,2011,TS,4,75,995.8,2,1444474,408,181272,25,65,103,91,108,1063,103653,129989,37283,3176,3743,20528,1039996514
24,Labuyo,V,Camarines Sur,2005,TY,5,95,998.9,1,1651890,300,119539,48,81,105,80,124,1096,52765,142982,103927,16063,2,479,50106000
1058,Gener,IX,Zamboanga del Norte,2012,TY,5,130,972,3,979009,134,162000,54,68,101,86,65,711,52150,42180,91571,3877,3,12,0
213,Seniang,VI,Aklan,2006,TY,6,130,992.8,3,488613,278,129905,42,71,104,82,86,1604,5153,37432,45153,11870,18,14498,478750000
309,Kabayan,II,Isabela,2007,TY,5,120,996.8,3,1401495,113,154520,29,62,105,86,84,724,60559,211420,29134,2252,9,1232,730454431.2
292,Hannah,VI,Antique,2007,TS,4,65,997.8,1,515265,189,138958,49,85,106,82,85,1623,26886,40578,35673,2899,5,112,0
325,Lando,VI,Aklan,2007,TY,10,130,998.3,1,495122,272,138958,43,71,104,82,85,1623,5421,40126,45219,11636,5,0,0
257,Egay,NCR,Metro Manila,2007,TY,6,215,994.1,0,11547959,18669,325232,4,50,96,94,183,19,365227,2022207,56885,41318,1,0,0
202,Reming,V,Masbate,2006,TY,6,195,964,2,759871,184,125184,54,100,105,80,123,1115,23365,36420,84473,7097,4,7763,119137163.2
1094,Lawin,VII,Cebu,2012,TY,9,215,927,3,4347454,814,209000,23,63,101,87,105,1764,297843,456838,75297,9662,1,0,0
1104,Ofel,IV-A,Laguna,2012,TD,4,85,991,2,2810347,1457,284000,6,51,99,95,242,2166,75062,467557,8246,4164,6,0,0
302,Ineng,IV-B,Palawan,2007,TY,7,185,991,1,892660,52,118726,34,89,109,84,60,682,46503,59177,126456,4001,14,0,0
360,Mina,CAR,Kalinga,2007,TY,8,175,992.7,3,182326,56,200696,26,73,105,88,56,580,14083,16925,3342,295,33,798,329220000
470,Karen,I,Ilocos Norte,2008,TY,5,140,988.7,3,554110,162,170138,16,59,102,91,121,992,11658,99577,5197,1276,4,328,173378682
1319,Paolo,IV-A,Batangas,2013,TS,1,65,997,0,2562781,823,266244,18,56,100,95,212,2568,57420,396423,16919,4441,3,0,0
922,Pedring,I,Pangasinan,2011,TY,5,140,976.2,3,2814367,516,197814,21,63,106,92,119,1018,108093,385045,50241,10244,9,3455,732002397.4
760,Bebeng,V,Albay,2011,TS,6,85,997,2,1249297,485,158596,40,68,102,84,109,1145,27175,135918,56678,18308,10,0,645869158
1002,Sendong,X,Bukidnon,2011,TS,4,75,995.8,2,1321612,126,181272,48,68,105,91,108,1063,136042,83675,23112,759,101,454,112708159.5
430,Frank,ARMM,Maguindanao,2008,TY,6,160,988,1,1419192,140,104212,53,80,104,72,21,600,74101,56214,116021,9767,17,702,86723042.25
460,Julian,I,La Union,2008,TS,3,75,999,1,727884,485,170138,28,62,104,91,121,992,33249,115992,3326,602,3,0,0
1112,Ofel,VII,Cebu,2012,TD,4,85,991,2,4347454,814,209000,23,63,101,87,105,1764,297843,456838,75297,9662,2,0,0
43,Quedan,VI,Iloilo,2005,TD,3,55,1002.8,1,2055983,405,123270,20,63,103,82,89,1594,160840,172519,66054,5147,2,518,14317000
826,Falcon,CAR,Mt. Province,2011,TS,5,195,979.9,0,154268,65,243652,24,65,103,90,57,651,7330,22227,1141,124,1,0,0
1239,Labuyo,III,Aurora,2013,TY,3,175,914,2,208995,67,239665,24,66,99,92,173,1897,11423,22404,7390,581,2,11359,430902210
1397,Agaton,XI,Davao del Norte,2014,TD,4,55,1000,1,1001809,293,183197,33,57,96,85,50,1009,74024,88716,27333,2105,5,0,121426000
1399,Agaton,XI,Davao Oriental,2014,TD,4,55,1000,1,550434,97,183197,49,66,96,85,50,1009,29192,24294,47987,2619,36,1480,24915000
310,Kabayan,II,Cagayan,2007,TY,5,120,996.8,2,1072571,115,154520,29,63,104,86,84,724,51147,139056,28290,3891,1,53,48758813
87,Caloy,NCR,Metro Manila,2006,TY,7,160,981,1,11302020,18243,310860,5,50,96,94,222,20,360364,1944143,60504,42014,4,1,0
1102,Ofel,IV-A,Batangas,2012,TD,4,85,991,2,2499433,802,284000,19,56,100,95,242,2166,57792,391011,16845,4570,8,130,0
1365,Yolanda (Haiyan),VII,Bohol,2013,TY,3,235,910,4,1289868,270,196323,40,67,99,87,50,1751,74434,132169,38916,3184,1,1969,5660340
1713,Kabayan,I,Ilocos Sur,2015,STS,3,95,985,1,689668,266,198464,18,56,98,93,86,2242,20615,109317,5196,781,5,0,0
943,Pedring,IV-B,Palawan,2011,TY,5,140,976.2,3,1015472,60,165314,28,73,105,86,66,706,42396,56954,121374,4440,2,0,0
1606,Ruby,VI,Capiz,2014,TY,8,215,927,3,752855,290,185161,28,58,98,84,61,1942,54359,60988,32952,2100,62,1030,213708000
880,Kabayan,VIII,Eastern Samar,2011,TY,9,175,970,0,436274,94,163975,61,75,105,74,78,819,19674,29565,33359,2021,2,0,0
100,Florita,CAR,Benguet,2006,TY,5,120,982.8,1,660485,234,192126,26,55,97,88,57,564,15271,180703,1712,1789,20,296,525636000
879,Kabayan,VII,Bohol,2011,TY,9,175,970,0,1266603,265,200310,39,68,102,87,105,1742,74570,127623,39045,3315,6,0,500000
1516,Mario,NCR,Metro Manila,2014,TY,5,105,982,2,12666191,20445,370275,4,46,101,95,162,470,344593,2139922,41695,20797,2,0,0
1155,Pablo,X,Misamis Oriental,2012,TY,8,185,943,3,1473579,416,190000,23,64,100,92,108,1036,104695,132967,37315,3080,47,4533,1303044047
500,Nina,CAR,Mt. Province,2008,TY,5,175,983.2,2,150481,63,209648,25,73,106,89,55,599,7439,22537,1083,85,1,0,10102000
1375,Yolanda (Haiyan),IX,Zamboanga del Norte,2013,TY,3,235,910,4,989686,136,152882,61,68,99,88,40,651,52782,43023,91904,3890,2,0,0
1514,Mario,NCR,Metro Manila,2014,TY,5,105,982,2,12666191,20445,370275,4,46,101,95,162,470,344593,2139922,41695,20797,5,0,0
620,Nando,II,Cagayan,2009,TS,2,65,995.6,0,1107096,118,181000,28,60,103,88,89,1052,51823,153032,27867,3953,1,0,0
285,Egay,V,Camarines Sur,2007,TY,6,215,994.1,0,1693821,308,133551,48,81,105,80,117,1107,56294,159095,101628,14945,1,0,0
1055,Gener,VII,Bohol,2012,TY,5,130,972,3,1278182,268,209000,37,68,101,87,105,1764,74531,130181,38919,3226,5,0,0
1247,Labuyo,V,Camarines Norte,2013,TY,3,175,914,2,566805,249,156965,35,70,100,87,110,1183,11323,52092,37677,8956,2,0,50000
1048,Gener,V,Camarines Sur,2012,TY,5,130,972,3,1873365,340,162000,41,72,101,86,110,1134,54906,165667,104087,16239,1,0,0
336,Lando,XIII,Surigao del Norte,2007,TY,10,130,998.3,1,409468,208,127646,54,76,103,85,55,582,14949,32931,31639,4009,9,11,1129740
1590,Ruby,IV-A,Laguna,2014,TY,8,215,927,3,2958241,1534,270555,7,50,100,95,211,2011,74153,481146,8279,3472,1,1,2514000
1039,Gener,IV-A,Cavite,2012,TY,5,130,972,3,3313540,2171,284000,3,51,99,95,242,2166,68465,543455,15758,4763,6,2097,2303000
1010,Sendong,ARMM,Lanao del Sur,2011,TS,4,75,995.8,2,954687,63,124067,68,83,96,72,36,441,68157,45934,7037,1851,11,207,0
1243,Labuyo,III,Zambales,2013,TY,3,175,914,2,795871,209,239665,17,59,98,92,173,1897,16670,129802,13984,2207,1,370,150753428.5
732,Basyang,V,Catanduanes,2010,TY,4,120,995.9,2,246300,165,155263,31,77,105,83,109,1134,9307,26602,11292,1897,18,569,8550000
548,Feria,V,Masbate,2009,TS,4,75,993.6,1,812145,196,152000,56,92,104,81,114,1103,29591,46660,80997,7517,12,1792,55975899.52
1214,Crising,XI,Davao del Norte,2013,TD,3,45,1004,1,987494,289,179758,33,57,98,86,105,1026,73651,87345,26986,2112,5,0,11241800
1848,Lawin,III,Aurora,2016,STY,4,225,970.1,3,217057,69,247540,27,71,103,92,191,1917,11408,22622,7429,588,3,152,3000000
1477,Jose,I,Pangasinan,2014,TY,6,195,938,0,2920475,536,197135,21,61,100,93,83,3267,108451,400680,49282,9296,2,0,1624000
917,Pedring,NCR,Metro Manila,2011,TY,5,140,976.2,0,12053536,19456,371173,4,47,97,95,184,465,350258,2064904,48829,28680,5,0,0
761,Bebeng,V,Camarines Norte,2011,TS,6,85,997,2,550764,242,158596,33,71,103,84,109,1145,11425,50292,37544,8739,1,888,525283466
864,Juaning,CAR,Apayao,2011,STS,4,95,994.4,1,113916,25,243652,24,62,104,90,57,651,8569,9927,2563,229,1,0,0
457,Igme,I,Ilocos Norte,2008,TY,6,140,984.9,2,554110,162,170138,16,59,102,91,121,992,11658,99577,5197,1276,4,5,383000
399,Frank,V,Masbate,2008,TY,6,160,988,3,790247,191,142477,55,96,105,80,116,1123,27409,42707,82369,7054,15,8811,109794405.3
417,Frank,IX,Zamboanga del Sur,2008,TY,6,160,988,0,1714336,291,137529,32,72,105,80,75,698,134825,102518,99318,3932,1,32,48849542.25
753,Juan,CAR,Benguet,2010,TY,6,225,988.7,3,722620,256,230997,24,50,101,90,57,639,10039,154448,1288,412,8,304,231621173.3
729,Basyang,IV-A,Rizal,2010,TY,4,120,995.9,2,2484840,2101,260159,8,55,100,94,234,2086,73330,447752,17853,3468,28,13186,26450000
961,Quiel,I,Ilocos Sur,2011,TY,5,160,974.4,0,664689,256,197814,18,57,100,92,119,1018,20808,105986,5175,855,1,0,0
581,Jolina,IV-B,Palawan,2009,TS,4,75,991.5,0,959221,56,141000,31,79,108,84,65,725,40558,59570,116393,4742,1,0,0
2,Auring,VIII,Eastern Samar,2005,TS,4,105,1004.9,3,396519,86,117645,50,85,107,75,75,805,17627,25407,34700,2201,9,301,3610000
39,Quedan,V,Camarines Norte,2005,TD,3,55,1002.8,1,501074,220,119539,41,79,105,80,124,1096,11787,44247,37094,8090,10,12,500000
1025,Gener,NCR,Metro Manila,2012,TY,5,130,972,3,12254389,19780,379000,4,47,98,95,186,467,349373,2097540,46242,26340,5,1654,0
1731,Lando,III,Aurora,2015,TY,8,185,943,4,214336,68,247164,27,65,95,92,168,1910,11421,22705,7421,587,21,22991,684780000
1188,Quinta,VIII,Samar,2012,TS,2,75,994,2,751867,124,166000,50,75,101,74,77,819,28931,39085,64390,5419,6,0,0
1170,Pablo,ARMM,Maguindanao,2012,TY,8,185,943,3,1313388,129,130000,64,82,101,72,37,441,71308,54813,113035,9608,3,0,5000000
1163,Pablo,XII,Sarangani,2012,TY,8,185,943,3,516575,142,163000,53,69,101,82,105,1017,27011,22043,50336,1326,318,0,4500000
1165,Pablo,XIII,Agusan del Sur,2012,TY,8,185,943,3,673767,67,180000,48,71,102,91,59,717,40858,22287,57740,1707,34,37644,324222218
856,Juaning,VII,Siquijor,2011,STS,4,95,994.4,0,92029,273,200310,32,61,101,87,105,1742,7228,9548,2832,305,1,0,0
1630,Seniang,VI,Negros Occidental,2014,TS,4,65,997,2,3028264,378,185161,32,62,97,84,61,1942,189971,274975,122803,8916,2,100,489000
1052,Gener,VI,Negros Occidental,2012,TY,5,130,972,3,2967451,371,202000,32,63,101,84,89,1790,189426,267424,123001,8881,1,1463,18696349.6
1164,Pablo,XIII,Agusan del Norte,2012,TY,8,185,943,3,661506,193,180000,35,67,101,91,59,717,38745,38662,42588,3422,9,547,100627398
1183,Quinta,VI,Capiz,2012,TS,2,75,994,2,736083,284,202000,28,59,101,84,89,1790,54057,58838,33129,2139,4,885,287326694.2
26,Labuyo,V,Albay,2005,TY,5,95,998.9,1,1158841,450,119539,36,78,104,80,124,1096,24996,119425,59344,19615,1,161,17120000
101,Florita,CAR,Mt. Province,2006,TY,5,120,982.8,1,147486,62,192126,26,77,106,88,57,564,7279,20943,1176,173,7,29,325277000
843,Juaning,IV-A,Cavite,2011,STS,4,95,994.4,0,3200176,2097,271818,3,52,98,94,240,2153,68301,530999,15902,5052,4,0,0
246,Dodong,I,La Union,2007,TS,2,75,994,1,720972,481,155630,27,61,102,91,118,1016,33830,112688,3171,777,1,3,0
1361,Yolanda (Haiyan),VI,Capiz,2013,TY,3,235,910,4,744422,287,179929,28,59,99,85,59,1776,54346,60045,32952,2100,1180,130688,5608181881
454,Helen,CAR,Mt. Province,2008,TY,5,120,997,1,150481,63,209648,25,73,106,89,55,599,7439,22537,1083,85,1,0,0
361,Mina,CAR,Apayao,2007,TY,8,175,992.7,3,103633,23,200696,26,69,108,88,56,580,8560,9834,2298,231,5,500,69674000
817,Falcon,III,Zambales,2011,TS,5,195,979.9,1,768806,202,245658,16,60,101,92,199,1948,16613,126635,14048,2214,1,57,36663224
1359,Yolanda (Haiyan),VI,Aklan,2013,TY,3,235,910,4,558853,317,179929,34,60,99,85,59,1776,6405,43574,45956,11751,740,83899,2034729910
212,Seniang,VI,Capiz,2006,TY,6,130,992.8,3,694672,268,129905,30,77,104,82,86,1604,52320,51591,34191,2374,8,2979,108430000
685,Pepeng,IV-A,Quezon,2009,TY,10,195,978.5,1,1951695,221,249000,30,68,104,94,236,2022,110331,267050,84976,16383,1,0,17000000
1774,Nona,IV-B,Marinduque,2015,TY,7,150,963,3,234521,246,166983,33,70,99,86,23,832,11751,30285,7753,694,4,5125,182541000
1598,Ruby,V,Albay,2014,TY,8,215,927,3,1298128,504,158206,39,66,99,86,54,1164,27397,141787,56338,18184,7,18,664026000
1263,Maring,III,Nueva Ecija,2013,TS,4,105,982,1,2070770,364,239665,28,56,100,92,173,1897,59168,309621,36281,7373,1,0,109702098
1022,Ferdie,IV-A,Rizal,2012,TD,2,150,950,1,2637490,2230,284000,6,54,100,95,242,2166,77823,398546,14097,4522,2,0,0
60,Caloy,IV-A,Laguna,2006,TY,7,160,981,1,2393677,1241,209749,6,57,98,92,259,2112,77213,420719,8344,6156,7,1178,111118062.5
1184,Quinta,VI,Negros Occidental,2012,TS,2,75,994,2,2967451,371,202000,32,63,101,84,89,1790,189426,267424,123001,8881,3,66,5157275
1882,Nina,IV-B,Marinduque,2016,TY,5,185,986.6,0,235883,248,167400,33,76,102,87,56,857,11754,30207,7768,697,1,33524,608098000
791,Dodong,IV-A,Batangas,2011,TS,2,65,1004.3,0,2437650,783,271818,18,57,101,94,240,2153,58261,384080,16896,4729,1,336,6192000
341,Mina,II,Isabela,2007,TY,8,175,992.7,3,1401495,113,154520,29,62,105,86,84,724,60559,211420,29134,2252,4,417,121536287.9
908,Pedring,NCR,Metro Manila,2011,TY,5,140,976.2,0,12053536,19456,371173,4,47,97,95,184,465,350258,2064904,48829,28680,17,0,0
610,Maring,I,Ilocos Sur,2009,TD,3,55,999.7,0,649992,250,186000,18,59,101,92,121,642,20520,110882,5185,743,3,0,0
1045,Gener,IV-B,Palawan,2012,TY,5,130,972,3,1037052,61,179000,26,72,101,86,67,795,42482,58173,120583,4471,1,1,0
280,Egay,IV-A,Cavite,2007,TY,6,215,994.1,0,2856765,1802,222092,2,57,97,93,233,2156,70504,519390,15662,5894,1,0,1150000
1782,Nona,VIII,Northern Samar,2015,TY,7,150,963,3,632379,171,164174,51,74,95,74,43,865,14115,29771,56309,8531,7,123221,436579000
318,Lando,IV-B,Palawan,2007,TY,10,130,998.3,2,892660,52,118726,34,89,109,84,60,682,46503,59177,126456,4001,3,250,1932642
1230,Gorio,VI,Iloilo,2013,TS,4,85,991,2,2321487,457,179929,26,60,99,85,59,1776,168698,203138,64677,4163,15,0,0
426,Frank,XII,South Cotabato,2008,TY,6,160,988,0,1319236,308,139277,32,66,106,78,103,957,79322,145401,57619,2457,1,396,73541542.25
1563,Queenie,X,Misamis Occidental,2014,TS,3,85,997,1,595066,297,180380,44,60,98,92,65,1085,43568,41324,30118,2435,1,0,0
221,Seniang,VIII,Biliran,2006,TY,6,130,992.8,3,148597,277,125731,30,83,106,74,79,813,7115,13081,9744,1104,2,230,66400000
1647,Seniang,XI,Compostela Valley,2014,TS,4,65,997,2,726054,159,183197,37,61,94,85,50,1009,74182,43780,21373,1333,2,13,1220000
993,Ramon,XIII,Dinagat Islands,2011,TS,5,55,1001.4,0,126873,155,169009,47,67,102,89,58,649,8357,6992,7994,599,1,0,0
900,Mina,CAR,Benguet,2011,TY,9,195,975.3,1,735916,260,243652,24,50,99,90,57,651,13565,175025,1547,1271,26,216,155163000
904,Mina,IX,Zamboanga del Sur,2011,TY,9,195,975.3,0,1787458,303,155763,32,67,103,84,66,699,134077,101478,103168,4201,1,0,0
1235,Labuyo,II,Isabela,2013,TY,3,175,914,2,1551155,118,187942,27,55,99,97,71,1135,59630,222491,29610,2448,1,197,194052892.5
677,Pepeng,II,Cagayan,2009,TY,10,195,978.5,3,1107096,118,181000,28,60,103,88,89,1052,51823,153032,27867,3953,8,14932,2978809734
73,Caloy,V,Sorsogon,2006,TY,7,160,981,3,700906,331,125184,41,86,105,80,123,1115,10210,55695,52297,20579,7,9149,116892193.9
1877,Nina,IV-A,Batangas,2016,TY,5,185,986.6,0,2762623,887,273489,18,59,100,95,231,2150,57162,399978,17221,4348,19,1553,72563000
812,Falcon,III,Bataan,2011,TS,5,195,979.9,1,701530,511,245658,2,55,101,92,199,1948,11671,113492,9219,3253,6,33,36572657
326,Lando,VII,Cebu,2007,TY,10,130,998.3,2,3850989,721,156468,29,70,103,86,107,1479,299600,423362,73015,10752,9,7,28250000
1081,Helen,CAR,Apayao,2012,TS,4,85,991,2,115211,26,257000,23,61,101,91,55,704,8647,10138,2539,219,1,8,0
1146,Pablo,VIII,Northern Samar,2012,TY,8,185,943,3,605991,164,166000,50,79,101,74,77,819,13444,28458,56633,8689,4,0,0
1692,Ineng,I,La Union,2015,TY,6,180,964,0,786653,525,198464,21,54,98,93,86,2242,32888,117529,3499,534,1,11,302765000
1617,Ruby,VIII,Northern Samar,2014,TY,8,215,927,3,623458,169,163735,51,76,97,74,42,865,14001,29585,56350,8564,332,63367,432725000
1044,Gener,IV-B,Romblon,2012,TY,5,130,972,3,287438,187,179000,41,73,101,86,67,795,8701,26240,20987,3281,14,6,0
1614,Ruby,VIII,Biliran,2014,TY,8,215,927,3,169595,316,163735,32,72,98,74,42,865,7990,15032,8806,992,312,2056,181272000
137,Milenyo,III,Zambales,2006,TY,5,130,963.9,3,706341,185,197640,24,64,104,90,201,1866,16458,120534,13883,2102,5,593,45009076.01
1136,Pablo,IV-B,Palawan,2012,TY,8,185,943,3,1037052,61,179000,26,72,101,86,67,795,42482,58173,120583,4471,10,1299,100217150
455,Igme,I,La Union,2008,TY,6,140,984.9,1,727884,485,170138,28,62,104,91,121,992,33249,115992,3326,602,1,0,0
1456,Glenda,IV-B,Oriental Mindoro,2014,TY,5,150,964.2,3,832030,196,164121,32,66,98,86,21,882,24923,89257,42921,5772,1,417,53909000
899,Mina,CAR,Apayao,2011,TY,9,195,975.3,1,113916,25,243652,24,62,104,90,57,651,8569,9927,2563,229,1,300,193890000
403,Frank,VI,Capiz,2008,TY,6,160,988,3,707620,273,148641,29,72,104,83,86,1685,54504,58579,32836,2075,72,42811,1639192255
964,Quiel,II,Cagayan,2011,TY,5,160,974.4,1,1139302,121,190217,22,58,102,93,92,1158,50869,141840,29329,4062,1,6,1875527.81
710,Santi,IV-A,Quezon,2009,TY,5,150,961.9,3,1951695,221,249000,30,68,104,94,236,2022,110331,267050,84976,16383,7,19896,102096331
132,Inday,CAR,Kalinga,2006,TS,5,65,989.7,1,181116,55,192126,26,74,105,88,57,564,13749,16054,3622,330,7,0,13900000
388,Frank,IV-A,Batangas,2008,TY,6,160,988,3,2288882,735,235161,16,61,101,94,232,2199,57722,391863,16479,4536,8,1957,99573948.25
154,Milenyo,VI,Antique,2006,TY,5,130,963.9,1,508976,186,129905,52,84,105,82,86,1604,25900,38644,36036,3094,41,123,135852462.7
736,Juan,I,La Union,2010,TY,6,225,988.7,3,741906,495,191816,25,63,108,92,123,807,32118,122892,3659,362,10,6105,294447848.1
635,Ondoy,III,Zambales,2009,TS,4,110,989.5,2,743678,195,221000,17,61,103,92,198,1773,16768,132633,14198,2310,6,1053,21531428.57
1736,Lando,III,Tarlac,2015,TY,8,185,943,2,1366027,448,247164,17,57,97,92,168,1910,30097,212642,18431,3456,2,6796,1922443000
959,Pedring,CAR,Kalinga,2011,TY,5,140,976.2,1,203779,62,243652,24,65,103,90,57,651,13445,18002,3652,285,2,330,171867880
1616,Ruby,VIII,Leyte,2014,TY,8,215,927,3,1929889,295,163735,38,66,96,74,42,865,97041,162200,104440,11248,291,24343,1010643000
921,Pedring,I,La Union,2011,TY,5,140,976.2,3,750647,501,197814,22,61,106,92,119,1018,33329,113568,3502,644,6,1148,41323589.28
1475,Henry,VIII,Biliran,2014,TY,6,130,972,2,169595,316,163735,32,72,98,74,42,865,7990,15032,8806,992,15,0,0
871,Kabayan,III,Bulacan,2011,TY,9,175,970,0,2994520,1076,245658,7,54,100,92,199,1948,53814,515412,13414,7696,3,7,0
1711,Kabayan,I,La Union,2015,STS,3,95,985,2,786653,525,198464,21,54,98,93,86,2242,32888,117529,3499,534,1,0,0